path,lane,matching_lines,line_numbers_at_72be84b87,disposition
apps/fixture-host/src-tauri/src/lib.rs,ui-and-client,1,50,retained-with-reason:ui-consumes-canonical-id-as-opaque-selector-separate-from-display-name
apps/gents-desktop/src-tauri/src/bin/bridge_runner/http/routes.rs,ui-and-client,1,393,retained-with-reason:ui-consumes-canonical-id-as-opaque-selector-separate-from-display-name
apps/gents-desktop/src-tauri/src/bridge/mod.rs,ui-and-client,3,17 39 140,retained-with-reason:ui-consumes-canonical-id-as-opaque-selector-separate-from-display-name
apps/gents-desktop/src-tauri/src/runner/live_fixture.rs,ui-and-client,19,400 449 525 540 543 559 629 647 650 652 653 659 684 694 695 696 700 714 931,retained-with-reason:ui-consumes-canonical-id-as-opaque-selector-separate-from-display-name
apps/gents-desktop/src-tauri/src/runner/live_fixture/agent.rs,ui-and-client,36,8 23 24 27 28 29 110 111 118 119 120 121 122 123 124 125 126 127 130 132 133 136 137 140 144 147 149 150 152 153 154 185 186 189 190 191,retained-with-reason:ui-consumes-canonical-id-as-opaque-selector-separate-from-display-name
apps/gents-desktop/src-tauri/src/runner/live_fixture/replication.rs,ui-and-client,5,254 258 270 274 278,retained-with-reason:ui-consumes-canonical-id-as-opaque-selector-separate-from-display-name
apps/gents-desktop/src/App.tsx,ui-and-client,7,30 32 99 118 122 159 161,retained-with-reason:ui-consumes-canonical-id-as-opaque-selector-separate-from-display-name
apps/gents-desktop/src/ui/components/ManagedRuntimeAuthority.tsx,ui-and-client,1,177,retained-with-reason:ui-consumes-canonical-id-as-opaque-selector-separate-from-display-name
apps/gents-desktop/src/ui/lib/firstRun.ts,ui-and-client,5,25 28 48 57 62,retained-with-reason:provider-setup-ui-manages-shared-backend-and-source-profile-ids
apps/gents-desktop/src/ui/lib/inferenceSetupPersistence.ts,ui-and-client,14,9 11 20 38 73 76 80 82 86 87 91 121 132 140,retained-with-reason:provider-setup-ui-manages-shared-backend-and-source-profile-ids
apps/gents-desktop/src/ui/lib/setupSteward.ts,ui-and-client,10,1 8 11 15 26 28 34 45 47 59,changed
apps/gents-desktop/src/ui/screens/AgentsScreen.tsx,ui-and-client,1,184,retained-with-reason:ui-consumes-canonical-id-as-opaque-selector-separate-from-display-name
apps/gents-desktop/src/ui/screens/HoverCards.tsx,ui-and-client,1,101,retained-with-reason:ui-consumes-canonical-id-as-opaque-selector-separate-from-display-name
apps/gents-desktop/src/ui/screens/SessionScreen.tsx,ui-and-client,1,565,retained-with-reason:ui-consumes-canonical-id-as-opaque-selector-separate-from-display-name
apps/gents-desktop/src/ui/screens/agent/AgentPanel.tsx,ui-and-client,1,36,retained-with-reason:ui-consumes-canonical-id-as-opaque-selector-separate-from-display-name
apps/gents-desktop/src/ui/screens/agent/BehaviorsPanel.tsx,ui-and-client,10,43 47 54 58 59 72 111 112 121 122,retained-with-reason:ui-consumes-canonical-id-as-opaque-selector-separate-from-display-name
apps/gents-desktop/src/ui/screens/agent/ContextsPanel.tsx,ui-and-client,27,35 36 41 45 59 64 65 74 76 80 82 117 118 130 131 180 192 221 222 223 229 236 240 241 253 257 260,retained-with-reason:ui-consumes-canonical-id-as-opaque-selector-separate-from-display-name
apps/gents-desktop/src/ui/screens/agent/InferencePanel.tsx,ui-and-client,3,8 379 679,retained-with-reason:provider-setup-ui-manages-shared-backend-and-source-profile-ids
apps/gents-desktop/src/ui/screens/agent/ProfilesPanel.tsx,ui-and-client,42,93 96 101 106 111 116 121 126 131 134 137 142 147 152 157 162 163 211 271 274 287 288 295 310 316 335 337 360 434 482 493 496 498 693 698 727 728 734 743 754 758 761,retained-with-reason:ui-consumes-canonical-id-as-opaque-selector-separate-from-display-name
apps/gents-desktop/src/ui/screens/agent/TasksPanel.tsx,ui-and-client,2,100 352,retained-with-reason:ui-consumes-canonical-id-as-opaque-selector-separate-from-display-name
apps/gents-desktop/src/ui/screens/agent/ToolGroupControls.tsx,ui-and-client,4,325 348 352 353,retained-with-reason:ui-consumes-canonical-id-as-opaque-selector-separate-from-display-name
apps/gents-desktop/src/ui/screens/agent/ToolsPanel.tsx,ui-and-client,16,95 227 258 261 263 331 338 372 377 406 407 414 418 430 434 437,retained-with-reason:ui-consumes-canonical-id-as-opaque-selector-separate-from-display-name
apps/gents-desktop/src/ui/screens/agent/createBehavior.ts,ui-and-client,4,9 13 17 18,changed
apps/gents-desktop/src/ui/screens/setup/SetupScreen.tsx,ui-and-client,9,27 65 292 329 415 655 683 684 690,retained-with-reason:provider-setup-ui-manages-shared-backend-and-source-profile-ids
apps/gents-desktop/tests/CHAT_RESPONSIVENESS.md,ui-and-client,1,92,retained-with-reason:ui-test-fixture-uses-explicit-opaque-ids-and-visible-labels
apps/gents-desktop/tests/config-pack-origin-filter.test.tsx,ui-and-client,1,11,retained-with-reason:ui-test-fixture-uses-explicit-opaque-ids-and-visible-labels
apps/gents-desktop/tests/config-panel-wiring/fixtures.tsx,ui-and-client,20,54 58 59 65 69 70 186 194 195 200 208 209 217 222 223 228 233 234 242 251,retained-with-reason:ui-test-fixture-uses-explicit-opaque-ids-and-visible-labels
apps/gents-desktop/tests/config-panels.test.tsx,ui-and-client,12,13 120 152 161 185 250 256 280 432 453 459 489,retained-with-reason:ui-test-fixture-uses-explicit-opaque-ids-and-visible-labels
apps/gents-desktop/tests/desktop-config-actions.test.tsx,ui-and-client,1,45,retained-with-reason:ui-test-fixture-uses-explicit-opaque-ids-and-visible-labels
apps/gents-desktop/tests/first-run.test.ts,ui-and-client,9,7 8 17 20 43 88 94 95 96,retained-with-reason:ui-test-fixture-uses-explicit-opaque-ids-and-visible-labels
apps/gents-desktop/tests/fleet-row.test.tsx,ui-and-client,5,114 130 133 137 153,retained-with-reason:ui-test-fixture-uses-explicit-opaque-ids-and-visible-labels
apps/gents-desktop/tests/inference-setup-persistence.test.ts,ui-and-client,14,6 40 66 81 124 128 129 130 146 168 187 219 220 221,retained-with-reason:ui-test-fixture-uses-explicit-opaque-ids-and-visible-labels
apps/gents-desktop/tests/inference-setup-wizard.test.tsx,ui-and-client,5,8 12 20 42 46,retained-with-reason:ui-test-fixture-uses-explicit-opaque-ids-and-visible-labels
apps/gents-desktop/tests/live-bridge-runner-adapter.test.ts,ui-and-client,2,14 31,retained-with-reason:ui-test-fixture-uses-explicit-opaque-ids-and-visible-labels
apps/gents-desktop/tests/live-bridge-runner/adapter.ts,ui-and-client,3,10 115 116,retained-with-reason:ui-test-fixture-uses-explicit-opaque-ids-and-visible-labels
apps/gents-desktop/tests/new-session-selection.test.tsx,ui-and-client,4,67 191 206 212,retained-with-reason:ui-test-fixture-uses-explicit-opaque-ids-and-visible-labels
apps/gents-desktop/tests/profiles-model-recommendation.test.tsx,ui-and-client,13,56 63 94 104 122 149 186 219 235 253 260 283 287,retained-with-reason:ui-test-fixture-uses-explicit-opaque-ids-and-visible-labels
apps/gents-desktop/tests/provider-login.test.ts,ui-and-client,1,3,retained-with-reason:ui-test-fixture-uses-explicit-opaque-ids-and-visible-labels
apps/gents-desktop/tests/setup-steward.test.ts,ui-and-client,9,10 16 21 22 29 69 70 87 121,changed
apps/gents-desktop/tests/slash-skills.test.tsx,ui-and-client,3,53 56 57,retained-with-reason:ui-test-fixture-uses-explicit-opaque-ids-and-visible-labels
apps/gents-desktop/tests/startup-screen.test.tsx,ui-and-client,1,75,retained-with-reason:ui-test-fixture-uses-explicit-opaque-ids-and-visible-labels
apps/gents-desktop/tests/tauri-driver-live/config-flow.ts,ui-and-client,4,97 149 192 194,retained-with-reason:ui-test-fixture-uses-explicit-opaque-ids-and-visible-labels
apps/gents-desktop/tests/tauri-driver-live/helpers.ts,ui-and-client,5,65 106 110 118 120,retained-with-reason:ui-test-fixture-uses-explicit-opaque-ids-and-visible-labels
apps/gents-desktop/tests/tauri-driver.live.cascade.test.tsx,ui-and-client,3,32 35 42,retained-with-reason:ui-test-fixture-uses-explicit-opaque-ids-and-visible-labels
apps/gents-desktop/tests/tauri-driver.live.operations.test.tsx,ui-and-client,2,22 25,retained-with-reason:ui-test-fixture-uses-explicit-opaque-ids-and-visible-labels
apps/gents-desktop/tests/tauri-driver.live.replication.test.tsx,ui-and-client,5,47 50 51 69 72,retained-with-reason:ui-test-fixture-uses-explicit-opaque-ids-and-visible-labels
apps/gents-desktop/tests/tauri-driver.live.subagent.test.tsx,ui-and-client,6,24 27 37 117 120 127,retained-with-reason:ui-test-fixture-uses-explicit-opaque-ids-and-visible-labels
apps/gents-desktop/tests/tool-group-controls.test.tsx,ui-and-client,1,107,retained-with-reason:ui-test-fixture-uses-explicit-opaque-ids-and-visible-labels
apps/gents-desktop/tests/ui-harness/desktopHarness.ts,ui-and-client,53,963 1010 1015 1016 1294 1303 1312 1321 1360 1396 1405 1430 1512 1518 1519 1530 1536 1537 1553 1557 1635 1666 1676 1678 1688 1700 1732 1784 1789 1793 1802 1803 1806 1809 1856 1954 2727 2734 2737 2738 2744 2747 2748 2756 2760 2761 2765 2769 2770 2855 2861 2862 2867,retained-with-reason:ui-test-fixture-uses-explicit-opaque-ids-and-visible-labels
apps/review-demo/src/defending/pollDefending.ts,ui-and-client,1,85,retained-with-reason:demo-projection-displays-runtime-assigned-ids-without-authoring-them
apps/review-demo/src/defending/projectDefenseGraph.test.ts,ui-and-client,5,142 251 302 349 429,retained-with-reason:demo-projection-displays-runtime-assigned-ids-without-authoring-them
apps/review-demo/src/defending/projectDefenseGraph.ts,ui-and-client,1,71,retained-with-reason:demo-projection-displays-runtime-assigned-ids-without-authoring-them
apps/review-demo/src/graph/types.ts,ui-and-client,1,87,retained-with-reason:demo-projection-displays-runtime-assigned-ids-without-authoring-them
apps/review-demo/src/live/pollRuntime.ts,ui-and-client,1,65,retained-with-reason:demo-projection-displays-runtime-assigned-ids-without-authoring-them
contracts/configurator-self-configuration.md,docs,8,14 39 65 97 108 113 116 129,changed
contracts/onboarding-acceptance.md,docs,7,46 66 130 134 145 153 174,changed
contracts/overnight-onboarding-status.md,docs,3,13 59 62,changed
contracts/tools-context-ui-coverage.md,docs,3,10 30 32,changed
crates/fixture-domain-plugin/build.rs,runtime,1,9,retained-with-reason:domain-fixture-does-not-author-behavior-configuration
crates/fixture-domain-plugin/src/lib.rs,runtime,2,13 48,retained-with-reason:domain-fixture-does-not-author-behavior-configuration
crates/gents-cli/src/cli/args.rs,cli,23,341 345 348 350 860 862 991 1013 1120 1605 1820 1868 1869 2002 2011 2016 2053 2060 2071 2084 2095 2788 3162,retained-with-reason:cli-transports-user-or-runtime-selected-exact-ids-without-generating-names
crates/gents-cli/src/cli/args/tests.rs,tests,5,152 153 526 528 544,retained-with-reason:test-fixture-uses-explicit-opaque-ids-to-cover-runtime-and-legacy-paths
crates/gents-cli/src/commands/chat/mod.rs,cli,10,63 79 129 151 165 177 198 211 223 277,retained-with-reason:cli-transports-user-or-runtime-selected-exact-ids-without-generating-names
crates/gents-cli/src/commands/codex_shim.rs,cli,1,56,retained-with-reason:cli-transports-user-or-runtime-selected-exact-ids-without-generating-names
crates/gents-cli/src/commands/codex_shim/background.rs,cli,1,314,retained-with-reason:cli-transports-user-or-runtime-selected-exact-ids-without-generating-names
crates/gents-cli/src/commands/codex_shim/bound_behavior.rs,cli,11,11 13 16 18 20 26 28 35 37 74 75,retained-with-reason:cli-transports-user-or-runtime-selected-exact-ids-without-generating-names
crates/gents-cli/src/commands/codex_shim/child_stream.rs,cli,1,148,retained-with-reason:cli-transports-user-or-runtime-selected-exact-ids-without-generating-names
crates/gents-cli/src/commands/codex_shim/compat.rs,cli,1,237,retained-with-reason:cli-transports-user-or-runtime-selected-exact-ids-without-generating-names
crates/gents-cli/src/commands/codex_shim/continuation_stream.rs,cli,4,308 383 392 400,retained-with-reason:cli-transports-user-or-runtime-selected-exact-ids-without-generating-names
crates/gents-cli/src/commands/codex_shim/handlers/basic.rs,cli,1,85,retained-with-reason:cli-transports-user-or-runtime-selected-exact-ids-without-generating-names
crates/gents-cli/src/commands/codex_shim/handlers/models.rs,cli,50,78 95 103 108 116 126 132 165 173 174 248 251 254 258 260 426 435 438 441 447 457 497 500 538 540 544 545 570 573 581 582 600 611 614 615 865 902 903 905 968 972 992 993 1021 1022 1024 1029 1044 1070 1071,changed
crates/gents-cli/src/commands/codex_shim/handlers/thread.rs,cli,4,45 96 105 122,retained-with-reason:cli-transports-user-or-runtime-selected-exact-ids-without-generating-names
crates/gents-cli/src/commands/codex_shim/server.rs,cli,14,11 26 47 48 66 68 71 106 108 113 116 119 133 157,retained-with-reason:cli-transports-user-or-runtime-selected-exact-ids-without-generating-names
crates/gents-cli/src/commands/codex_shim/state.rs,cli,1,13,retained-with-reason:cli-transports-user-or-runtime-selected-exact-ids-without-generating-names
crates/gents-cli/src/commands/codex_shim/subagent_projection.rs,cli,25,94 202 213 297 301 307 382 415 438 465 473 541 546 658 659 666 691 774 779 782 1036 1049 1074 1322 1399,retained-with-reason:cli-transports-user-or-runtime-selected-exact-ids-without-generating-names
crates/gents-cli/src/commands/codex_shim/thread_projection.rs,cli,11,59 62 63 375 541 559 575 596 609 612 613,retained-with-reason:cli-transports-user-or-runtime-selected-exact-ids-without-generating-names
crates/gents-cli/src/commands/codex_shim/thread_projection/json.rs,cli,5,77 92 155 214 283,retained-with-reason:cli-transports-user-or-runtime-selected-exact-ids-without-generating-names
crates/gents-cli/src/commands/codex_shim/thread_projection/mutations.rs,cli,1,68,retained-with-reason:cli-transports-user-or-runtime-selected-exact-ids-without-generating-names
crates/gents-cli/src/commands/codex_shim/thread_projection/storage.rs,cli,6,49 85 96 123 125 131,retained-with-reason:cli-transports-user-or-runtime-selected-exact-ids-without-generating-names
crates/gents-cli/src/commands/codex_shim/thread_projection/usage.rs,cli,14,18 94 95 186 192 224 229 277 284 294 359 366 420 431,retained-with-reason:cli-transports-user-or-runtime-selected-exact-ids-without-generating-names
crates/gents-cli/src/commands/codex_shim/thread_routes.rs,cli,2,53 79,retained-with-reason:cli-transports-user-or-runtime-selected-exact-ids-without-generating-names
crates/gents-cli/src/commands/codex_shim/turn/active.rs,cli,1,443,retained-with-reason:cli-transports-user-or-runtime-selected-exact-ids-without-generating-names
crates/gents-cli/src/commands/codex_shim/turn/stream.rs,cli,1,1256,retained-with-reason:cli-transports-user-or-runtime-selected-exact-ids-without-generating-names
crates/gents-cli/src/commands/codex_shim/turn/submission.rs,cli,1,21,retained-with-reason:cli-transports-user-or-runtime-selected-exact-ids-without-generating-names
crates/gents-cli/src/commands/codex_shim/turn_projection.rs,cli,2,782 1135,retained-with-reason:cli-transports-user-or-runtime-selected-exact-ids-without-generating-names
crates/gents-cli/src/commands/config/behavior.rs,cli,84,8 23 24 26 34 38 39 47 49 50 63 85 96 135 142 151 158 166 173 176 191 194 195 200 207 213 216 217 222 226 236 237 312 314 337 344 345 349 350 355 356 360 362 370 374 378 380 386 387 393 493 513 519 522 523 527 529 530 534 535 539 558 563 569 570 573 574 577 581 583 584 588 589 594 601 603 610 612 619 622 642 646 647 661,changed
crates/gents-cli/src/commands/config/binding/owner.rs,cli,5,81 83 86 88 90,retained-with-reason:cli-transports-user-or-runtime-selected-exact-ids-without-generating-names
crates/gents-cli/src/commands/config/crud.rs,cli,1,381,retained-with-reason:cli-transports-user-or-runtime-selected-exact-ids-without-generating-names
crates/gents-cli/src/commands/config/profile.rs,cli,6,21 30 33 34 39 40,retained-with-reason:cli-transports-user-or-runtime-selected-exact-ids-without-generating-names
crates/gents-cli/src/commands/config/task_run.rs,cli,7,47 89 98 104 140 201 268,retained-with-reason:cli-transports-user-or-runtime-selected-exact-ids-without-generating-names
crates/gents-cli/src/commands/config/tools.rs,cli,7,16 44 59 68 79 80 81,retained-with-reason:cli-transports-user-or-runtime-selected-exact-ids-without-generating-names
crates/gents-cli/src/commands/diagnose/mod.rs,cli,13,54 56 100 104 106 108 109 110 112 114 116 117 121,retained-with-reason:cli-transports-user-or-runtime-selected-exact-ids-without-generating-names
crates/gents-cli/src/commands/graph.rs,cli,9,43 67 69 70 73 74 86 89 95,retained-with-reason:cli-transports-user-or-runtime-selected-exact-ids-without-generating-names
crates/gents-cli/src/commands/grok_shim.rs,cli,33,50 51 78 79 80 88 100 109 110 111 155 168 178 179 181 185 186 191 206 237 270 285 301 373 388 389 400 427 436 498 974 1057 1062,retained-with-reason:cli-transports-user-or-runtime-selected-exact-ids-without-generating-names
crates/gents-cli/src/commands/grok_shim/acp.rs,cli,35,218 219 647 671 685 700 1013 1282 1552 1567 1571 1575 1605 1617 1790 1818 2112 2220 2234 2319 2322 2368 2382 2537 2541 2551 2552 2561 2620 2650 2720 3298 3312 3461 4587,retained-with-reason:cli-transports-user-or-runtime-selected-exact-ids-without-generating-names
crates/gents-cli/src/commands/grok_shim/binding.rs,cli,5,57 75 79 93 103,retained-with-reason:cli-transports-user-or-runtime-selected-exact-ids-without-generating-names
crates/gents-cli/src/commands/grok_shim/projection.rs,cli,7,2820 2823 2824 3503 3504 3722 3818,retained-with-reason:cli-transports-user-or-runtime-selected-exact-ids-without-generating-names
crates/gents-cli/src/commands/grok_shim/projection/context.rs,cli,1,59,retained-with-reason:cli-transports-user-or-runtime-selected-exact-ids-without-generating-names
crates/gents-cli/src/commands/grok_shim/projection/subagents.rs,cli,8,130 213 662 1091 1528 1530 2048 2114,retained-with-reason:cli-transports-user-or-runtime-selected-exact-ids-without-generating-names
crates/gents-cli/src/commands/grok_shim/projection/subagents/control.rs,cli,1,274,retained-with-reason:cli-transports-user-or-runtime-selected-exact-ids-without-generating-names
crates/gents-cli/src/commands/grok_shim/projection/tools.rs,cli,1,1170,retained-with-reason:cli-transports-user-or-runtime-selected-exact-ids-without-generating-names
crates/gents-cli/src/commands/grok_shim/server.rs,cli,6,90 1094 1098 1476 1480 2247,retained-with-reason:cli-transports-user-or-runtime-selected-exact-ids-without-generating-names
crates/gents-cli/src/commands/grok_shim/sessions.rs,cli,4,145 188 205 298,retained-with-reason:cli-transports-user-or-runtime-selected-exact-ids-without-generating-names
crates/gents-cli/src/commands/grok_shim/turn.rs,cli,23,439 1713 1724 3375 3390 3391 3402 3427 3433 3446 3492 3498 3610 3618 3627 3678 3683 3693 4302 4304 4312 4336 4343,retained-with-reason:cli-transports-user-or-runtime-selected-exact-ids-without-generating-names
crates/gents-cli/src/commands/inference_binding.rs,cli,10,10 17 20 28 57 59 101 103 106 113,retained-with-reason:cli-transports-user-or-runtime-selected-exact-ids-without-generating-names
crates/gents-cli/src/commands/init.rs,cli,66,7 17 207 208 210 662 664 665 666 671 689 693 725 729 732 739 740 747 749 750 755 760 761 765 768 776 778 779 783 788 789 791 814 853 854 856 882 883 886 887 899 944 981 982 995 1010 1131 1137 1145 1146 1217 1274 1289 1290 1292 1439 1449 1451 1457 1475 1494 1495 1501 1541 1552 1821,changed
crates/gents-cli/src/commands/p2p/collections.rs,cli,6,2 25 27 28 30 35,retained-with-reason:cli-transports-user-or-runtime-selected-exact-ids-without-generating-names
crates/gents-cli/src/commands/pack/mod.rs,cli,23,17 22 23 26 27 31 33 45 59 64 375 399 420 427 433 442 463 501 525 560 808 810 819,retained-with-reason:cli-transports-user-or-runtime-selected-exact-ids-without-generating-names
crates/gents-cli/src/commands/pack/scenario.rs,cli,34,486 489 495 499 501 512 524 556 560 561 563 569 571 573 575 576 671 685 899 919 920 921 3179 3180 3182 3187 3217 3558 3574 3576 3637 3771 4043 4080,retained-with-reason:cli-transports-user-or-runtime-selected-exact-ids-without-generating-names
crates/gents-cli/src/commands/pack/secscan/mod.rs,cli,1,109,retained-with-reason:cli-transports-user-or-runtime-selected-exact-ids-without-generating-names
crates/gents-cli/src/commands/request.rs,cli,17,49 69 144 244 429 555 840 841 970 1109 1110 1210 1282 1385 1400 1471 1495,retained-with-reason:cli-transports-user-or-runtime-selected-exact-ids-without-generating-names
crates/gents-cli/src/commands/serve.rs,cli,44,69 72 121 138 139 144 145 150 157 158 187 260 263 266 270 299 300 306 314 337 341 353 368 638 639 798 821 828 830 835 838 843 849 855 937 938 1021 1027 1036 1059 1095 1127 1600 1627,retained-with-reason:cli-transports-user-or-runtime-selected-exact-ids-without-generating-names
crates/gents-cli/src/commands/session.rs,cli,3,17 90 128,retained-with-reason:cli-transports-user-or-runtime-selected-exact-ids-without-generating-names
crates/gents-cli/src/commands/status.rs,cli,4,46 47 163 166,retained-with-reason:cli-transports-user-or-runtime-selected-exact-ids-without-generating-names
crates/gents-cli/src/commands/subagent.rs,cli,8,29 1037 1302 1432 1455 1457 1483 1512,retained-with-reason:cli-transports-user-or-runtime-selected-exact-ids-without-generating-names
crates/gents-cli/src/commands/task.rs,cli,19,12 13 71 72 82 96 159 261 263 267 268 276 277 299 310 323 327 328 389,retained-with-reason:cli-transports-user-or-runtime-selected-exact-ids-without-generating-names
crates/gents-cli/src/commands/tools.rs,cli,27,38 43 45 50 52 58 64 71 75 76 81 84 94 103 105 108 115 118 121 122 123 128 130 132 133 135 154,retained-with-reason:cli-transports-user-or-runtime-selected-exact-ids-without-generating-names
crates/gents-cli/src/commands/trace.rs,cli,5,241 481 493 604 662,retained-with-reason:cli-transports-user-or-runtime-selected-exact-ids-without-generating-names
crates/gents-cli/src/commands/trace/projection_acp.rs,cli,19,46 120 196 197 565 571 579 580 623 625 626 658 659 736 824 883 1144 1292 1298,retained-with-reason:cli-transports-user-or-runtime-selected-exact-ids-without-generating-names
crates/gents-cli/src/config_bundle.rs,cli,2,189 295,retained-with-reason:cli-transports-user-or-runtime-selected-exact-ids-without-generating-names
crates/gents-cli/src/config_import/tests.rs,tests,14,8 9 38 42 58 83 84 90 92 97 101 114 127 135,retained-with-reason:test-fixture-uses-explicit-opaque-ids-to-cover-runtime-and-legacy-paths
crates/gents-cli/src/desired_state/convert.rs,cli,1,54,retained-with-reason:cli-transports-user-or-runtime-selected-exact-ids-without-generating-names
crates/gents-cli/src/desired_state/diff.rs,cli,3,199 200 201,retained-with-reason:cli-transports-user-or-runtime-selected-exact-ids-without-generating-names
crates/gents-cli/src/desired_state/load.rs,cli,8,136 138 139 140 164 226 261 267,retained-with-reason:cli-transports-user-or-runtime-selected-exact-ids-without-generating-names
crates/gents-cli/src/desired_state/write.rs,cli,2,179 192,retained-with-reason:cli-transports-user-or-runtime-selected-exact-ids-without-generating-names
crates/gents-cli/src/http/fleet.rs,cli,2,150 152,retained-with-reason:cli-transports-user-or-runtime-selected-exact-ids-without-generating-names
crates/gents-cli/src/http/fleet_slots.rs,cli,68,43 91 95 101 102 113 183 217 218 220 223 224 238 247 284 286 287 295 296 299 301 305 336 345 346 360 361 363 410 411 413 414 440 498 510 553 554 564 565 567 568 594 599 613 615 619 621 627 632 648 654 661 692 702 718 720 724 749 755 763 769 775 843 845 849 863 878 884,retained-with-reason:cli-transports-user-or-runtime-selected-exact-ids-without-generating-names
crates/gents-cli/src/http/healthz.rs,cli,7,227 229 333 335 499 500 529,retained-with-reason:cli-transports-user-or-runtime-selected-exact-ids-without-generating-names
crates/gents-cli/src/http/prometheus.rs,cli,28,100 106 112 126 1006 1009 1012 1035 1155 1157 1159 1168 1443 1446 1451 1893 1896 1899 1907 1916 1925 1934 1991 2000 2022 2025 2028 2035,retained-with-reason:cli-transports-user-or-runtime-selected-exact-ids-without-generating-names
crates/gents-cli/src/http/r5_dispatch.rs,cli,22,34 73 81 184 191 192 216 218 233 234 235 239 264 292 298 406 417 427 468 476 489 569,retained-with-reason:cli-transports-user-or-runtime-selected-exact-ids-without-generating-names
crates/gents-cli/src/http/router.rs,cli,8,496 525 532 604 611 626 634 636,retained-with-reason:cli-transports-user-or-runtime-selected-exact-ids-without-generating-names
crates/gents-cli/src/http/self_view.rs,cli,48,15 22 76 80 82 100 112 114 120 169 170 172 173 181 182 188 189 192 252 253 259 260 266 267 274 275 278 279 283 284 286 287 288 296 309 396 398 399 408 410 411 426 495 502 507 514 545 552,retained-with-reason:cli-transports-user-or-runtime-selected-exact-ids-without-generating-names
crates/gents-cli/src/http/sessions.rs,cli,9,114 138 155 239 325 335 345 364 370,retained-with-reason:cli-transports-user-or-runtime-selected-exact-ids-without-generating-names
crates/gents-cli/src/http/subagent_tree.rs,cli,7,37 137 249 265 274 329 341,retained-with-reason:cli-transports-user-or-runtime-selected-exact-ids-without-generating-names
crates/gents-cli/src/interactive_backend.rs,cli,1,282,retained-with-reason:cli-transports-user-or-runtime-selected-exact-ids-without-generating-names
crates/gents-cli/src/lib.rs,cli,11,7 333 334 336 337 339 340 341 370 561 571,retained-with-reason:cli-transports-user-or-runtime-selected-exact-ids-without-generating-names
crates/gents-cli/src/request_helpers.rs,cli,26,49 86 314 322 340 347 387 411 441 473 483 548 615 628 631 650 651 653 666 676 1042 1157 1171 1351 1352 1385,retained-with-reason:cli-transports-user-or-runtime-selected-exact-ids-without-generating-names
crates/gents-cli/src/server_host.rs,cli,5,87 91 131 164 168,retained-with-reason:cli-transports-user-or-runtime-selected-exact-ids-without-generating-names
crates/gents-cli/src/shared.rs,cli,10,29 30 32 80 85 104 110 113 117 157,retained-with-reason:cli-transports-user-or-runtime-selected-exact-ids-without-generating-names
crates/gents-cli/tests/cli_codex_shim.rs,tests,6,54 59 63 64 75 76,retained-with-reason:test-fixture-uses-explicit-opaque-ids-to-cover-runtime-and-legacy-paths
crates/gents-cli/tests/cli_codex_shim/background_continuations.rs,tests,4,28 64 145 181,retained-with-reason:test-fixture-uses-explicit-opaque-ids-to-cover-runtime-and-legacy-paths
crates/gents-cli/tests/cli_codex_shim/behavior_scope.rs,tests,12,4 26 56 62 119 126 127 132 133 162 191 197,retained-with-reason:test-fixture-uses-explicit-opaque-ids-to-cover-runtime-and-legacy-paths
crates/gents-cli/tests/cli_codex_shim/helpers/fixtures.rs,tests,17,118 151 190 245 284 290 293 298 300 365 400 492 510 526 666 689 738,retained-with-reason:test-fixture-uses-explicit-opaque-ids-to-cover-runtime-and-legacy-paths
crates/gents-cli/tests/cli_codex_shim/helpers/live.rs,tests,27,9 10 12 78 79 81 110 111 113 131 132 149 153 154 161 173 187 190 196 203 205 206 214 235 248 280 326,retained-with-reason:test-fixture-uses-explicit-opaque-ids-to-cover-runtime-and-legacy-paths
crates/gents-cli/tests/cli_codex_shim/live_backend.rs,tests,15,23 40 63 66 72 105 161 286 302 327 329 330 471 484 597,retained-with-reason:test-fixture-uses-explicit-opaque-ids-to-cover-runtime-and-legacy-paths
crates/gents-cli/tests/cli_codex_shim/model_configuration.rs,tests,17,210 237 315 316 423 425 431 436 443 482 484 556 558 564 569 570 576,retained-with-reason:test-fixture-uses-explicit-opaque-ids-to-cover-runtime-and-legacy-paths
crates/gents-cli/tests/cli_codex_shim/remote_client.rs,tests,3,186 257 259,retained-with-reason:test-fixture-uses-explicit-opaque-ids-to-cover-runtime-and-legacy-paths
crates/gents-cli/tests/cli_codex_shim/server_lifecycle.rs,tests,2,211 304,retained-with-reason:test-fixture-uses-explicit-opaque-ids-to-cover-runtime-and-legacy-paths
crates/gents-cli/tests/cli_codex_shim/subagents.rs,tests,4,28 29 102 210,retained-with-reason:test-fixture-uses-explicit-opaque-ids-to-cover-runtime-and-legacy-paths
crates/gents-cli/tests/cli_codex_shim/thread_listing.rs,tests,12,26 60 67 79 90 105 112 218 252 258 268 276,retained-with-reason:test-fixture-uses-explicit-opaque-ids-to-cover-runtime-and-legacy-paths
crates/gents-cli/tests/cli_codex_shim/turn_control.rs,tests,2,293 486,retained-with-reason:test-fixture-uses-explicit-opaque-ids-to-cover-runtime-and-legacy-paths
crates/gents-cli/tests/cli_codex_shim/turn_streaming.rs,tests,7,184 204 206 207 517 732 735,retained-with-reason:test-fixture-uses-explicit-opaque-ids-to-cover-runtime-and-legacy-paths
crates/gents-cli/tests/cli_enrollment.rs,tests,5,17 71 158 331 352,retained-with-reason:test-fixture-uses-explicit-opaque-ids-to-cover-runtime-and-legacy-paths
crates/gents-cli/tests/cli_enrollment/contract.rs,tests,1,153,retained-with-reason:test-fixture-uses-explicit-opaque-ids-to-cover-runtime-and-legacy-paths
crates/gents-cli/tests/cli_graph.rs,tests,3,200 202 204,retained-with-reason:test-fixture-uses-explicit-opaque-ids-to-cover-runtime-and-legacy-paths
crates/gents-cli/tests/cli_server.rs,tests,29,8 12 13 14 50 91 114 118 119 260 267 268 346 465 467 497 499 509 991 992 995 1060 1061 1134 1327 1355 1356 1656 1679,retained-with-reason:test-fixture-uses-explicit-opaque-ids-to-cover-runtime-and-legacy-paths
crates/gents-cli/tests/suites/cli_background.rs,tests,2,149 162,retained-with-reason:test-fixture-uses-explicit-opaque-ids-to-cover-runtime-and-legacy-paths
crates/gents-cli/tests/suites/cli_chat.rs,tests,1,144,retained-with-reason:test-fixture-uses-explicit-opaque-ids-to-cover-runtime-and-legacy-paths
crates/gents-cli/tests/suites/cli_config_apply_e2e.rs,tests,2,37 43,retained-with-reason:test-fixture-uses-explicit-opaque-ids-to-cover-runtime-and-legacy-paths
crates/gents-cli/tests/suites/cli_config_apply_local.rs,tests,2,61 67,retained-with-reason:test-fixture-uses-explicit-opaque-ids-to-cover-runtime-and-legacy-paths
crates/gents-cli/tests/suites/cli_config_apply_running.rs,tests,3,49 69 70,retained-with-reason:test-fixture-uses-explicit-opaque-ids-to-cover-runtime-and-legacy-paths
crates/gents-cli/tests/suites/cli_config_behavior_persona.rs,tests,22,42 43 45 70 77 78 80 82 91 97 105 107 128 156 172 174 194 198 200 221 222 224,retained-with-reason:test-fixture-uses-explicit-opaque-ids-to-cover-runtime-and-legacy-paths
crates/gents-cli/tests/suites/cli_config_crud.rs,tests,4,24 38 52 78,retained-with-reason:test-fixture-uses-explicit-opaque-ids-to-cover-runtime-and-legacy-paths
crates/gents-cli/tests/suites/cli_config_native_root.rs,tests,1,46,retained-with-reason:test-fixture-uses-explicit-opaque-ids-to-cover-runtime-and-legacy-paths
crates/gents-cli/tests/suites/cli_config_read.rs,tests,4,48 49 51 64,retained-with-reason:test-fixture-uses-explicit-opaque-ids-to-cover-runtime-and-legacy-paths
crates/gents-cli/tests/suites/cli_config_task_run.rs,tests,15,64 65 67 80 123 125 161 162 186 204 205 270 271 273 285,retained-with-reason:test-fixture-uses-explicit-opaque-ids-to-cover-runtime-and-legacy-paths
crates/gents-cli/tests/suites/cli_config_tools.rs,tests,6,38 65 70 76 104 131,retained-with-reason:test-fixture-uses-explicit-opaque-ids-to-cover-runtime-and-legacy-paths
crates/gents-cli/tests/suites/cli_config_validate.rs,tests,9,13 17 18 19 23 25 28 42 83,retained-with-reason:test-fixture-uses-explicit-opaque-ids-to-cover-runtime-and-legacy-paths
crates/gents-cli/tests/suites/cli_diagnose.rs,tests,3,194 200 202,retained-with-reason:test-fixture-uses-explicit-opaque-ids-to-cover-runtime-and-legacy-paths
crates/gents-cli/tests/suites/cli_init.rs,tests,37,9 17 18 19 50 83 105 145 177 195 196 199 248 249 253 258 261 267 276 277 281 283 289 290 410 411 427 499 514 777 791 870 885 895 899 943 944,retained-with-reason:test-fixture-uses-explicit-opaque-ids-to-cover-runtime-and-legacy-paths
crates/gents-cli/tests/suites/cli_live.rs,tests,52,15 18 39 48 49 53 54 56 57 59 61 62 68 69 74 80 83 150 151 153 155 156 158 230 233 360 361 363 365 366 368 380 383 403 630 657 699 700 702 708 710 717 720 736 753 768 776 778 779 791 810 820,retained-with-reason:test-fixture-uses-explicit-opaque-ids-to-cover-runtime-and-legacy-paths
crates/gents-cli/tests/suites/cli_mailbox.rs,tests,1,42,retained-with-reason:test-fixture-uses-explicit-opaque-ids-to-cover-runtime-and-legacy-paths
crates/gents-cli/tests/suites/cli_reconciliation.rs,tests,7,124 125 127 162 168 270 273,retained-with-reason:test-fixture-uses-explicit-opaque-ids-to-cover-runtime-and-legacy-paths
crates/gents-cli/tests/suites/cli_request.rs,tests,4,465 495 519 605,retained-with-reason:test-fixture-uses-explicit-opaque-ids-to-cover-runtime-and-legacy-paths
crates/gents-cli/tests/suites/cli_response.rs,tests,2,84 129,retained-with-reason:test-fixture-uses-explicit-opaque-ids-to-cover-runtime-and-legacy-paths
crates/gents-cli/tests/suites/cli_session.rs,tests,9,45 46 48 58 64 71 79 87 95,retained-with-reason:test-fixture-uses-explicit-opaque-ids-to-cover-runtime-and-legacy-paths
crates/gents-cli/tests/suites/cli_status.rs,tests,1,367,retained-with-reason:test-fixture-uses-explicit-opaque-ids-to-cover-runtime-and-legacy-paths
crates/gents-cli/tests/suites/cli_subagent.rs,tests,6,354 386 404 467 479 480,retained-with-reason:test-fixture-uses-explicit-opaque-ids-to-cover-runtime-and-legacy-paths
crates/gents-cli/tests/suites/cli_subagent_cancel.rs,tests,31,39 40 42 44 45 47 48 49 152 153 155 175 185 195 300 301 318 319 321 329 331 332 358 385 404 602 609 610 636 639 640,retained-with-reason:test-fixture-uses-explicit-opaque-ids-to-cover-runtime-and-legacy-paths
crates/gents-cli/tests/suites/cli_trace_export.rs,tests,21,143 483 564 1314 1329 1343 1377 1378 1389 1575 1590 1619 1752 1766 1788 2057 2080 2103 2190 2209 2229,retained-with-reason:test-fixture-uses-explicit-opaque-ids-to-cover-runtime-and-legacy-paths
crates/gents-cli/tests/suites/cli_web_research_live.rs,tests,5,53 55 57 86 88,retained-with-reason:test-fixture-uses-explicit-opaque-ids-to-cover-runtime-and-legacy-paths
crates/gents-cli/tests/support/fs.rs,tests,28,5 150 157 158 163 167 168 169 173 175 177 178 192 193 199 202 217 218 226 227 230 231 241 242 247 248 297 298,retained-with-reason:test-fixture-uses-explicit-opaque-ids-to-cover-runtime-and-legacy-paths
crates/gents-cli/tests/support/graphql.rs,tests,4,33 38 42 50,retained-with-reason:test-fixture-uses-explicit-opaque-ids-to-cover-runtime-and-legacy-paths
crates/gents-cli/tests/support/mocks/fake_llm.rs,tests,1,76,retained-with-reason:test-fixture-uses-explicit-opaque-ids-to-cover-runtime-and-legacy-paths
crates/gents-cli/tests/support/waits.rs,tests,12,225 241 242 248 311 323 336 486 499 514 516 528,retained-with-reason:test-fixture-uses-explicit-opaque-ids-to-cover-runtime-and-legacy-paths
crates/gents-codex-protocol/src/protocol/common.rs,runtime,4,760 761 763 1336,retained-with-reason:external-codex-protocol-field-preserves-runtime-assigned-id
crates/gents-codex-protocol/src/protocol/v2/config.rs,runtime,3,2 207 313,retained-with-reason:external-codex-protocol-field-preserves-runtime-assigned-id
crates/gents-codex-protocol/src/protocol/v2/shared.rs,runtime,1,104,retained-with-reason:external-codex-protocol-field-preserves-runtime-assigned-id
crates/gents-codex-protocol/src/protocol/v2/thread.rs,runtime,12,3 94 159 160 180 219 289 326 327 376 416 417,retained-with-reason:external-codex-protocol-field-preserves-runtime-assigned-id
crates/gents-codex-protocol/src/protocol/v2/turn.rs,runtime,2,1 51,retained-with-reason:external-codex-protocol-field-preserves-runtime-assigned-id
crates/gents-codex-protocol/src/protocol/v2/windows_sandbox.rs,runtime,6,14 29 30 36 48 49,retained-with-reason:external-codex-protocol-field-preserves-runtime-assigned-id
crates/gents-desktop-bridge/build.rs,desktop-core,1,86,changed
crates/gents-desktop-bridge/src/cascade.rs,desktop-core,5,75 220 237 298 350,retained-with-reason:desktop-bridge-transports-principal-scoped-canonical-ids
crates/gents-desktop-bridge/src/commands/chat.rs,desktop-core,4,23 24 54 66,retained-with-reason:desktop-bridge-transports-principal-scoped-canonical-ids
crates/gents-desktop-bridge/src/commands/config.rs,desktop-core,4,62 68 86 92,changed
crates/gents-desktop-bridge/src/commands/task.rs,desktop-core,3,24 105 149,retained-with-reason:desktop-bridge-transports-principal-scoped-canonical-ids
crates/gents-desktop-bridge/src/lib.rs,desktop-core,1,6,retained-with-reason:desktop-bridge-transports-principal-scoped-canonical-ids
crates/gents-desktop-bridge/src/plugin.rs,desktop-core,2,1 9,changed
crates/gents-desktop-bridge/src/runtime_setup.rs,desktop-core,2,9 12,retained-with-reason:desktop-bridge-transports-principal-scoped-canonical-ids
crates/gents-desktop-bridge/src/snapshot/projection.rs,desktop-core,21,208 209 348 356 360 361 368 383 384 385 386 387 388 393 394 425 455 515 516 555 556,retained-with-reason:desktop-bridge-transports-principal-scoped-canonical-ids
crates/gents-desktop-bridge/src/snapshot/runtime.rs,desktop-core,50,65 73 85 86 87 104 106 109 110 112 123 125 166 173 180 187 194 201 272 376 377 491 514 561 562 567 568 584 586 590 596 722 724 728 732 734 735 737 739 745 764 771 876 880 881 889 892 895 917 931,retained-with-reason:desktop-bridge-transports-principal-scoped-canonical-ids
crates/gents-desktop-bridge/src/snapshot/runtime_tasks.rs,desktop-core,2,164 230,retained-with-reason:desktop-bridge-transports-principal-scoped-canonical-ids
crates/gents-desktop-bridge/src/snapshot/session.rs,desktop-core,1,261,retained-with-reason:desktop-bridge-transports-principal-scoped-canonical-ids
crates/gents-desktop-bridge/src/snapshot/session/context_projection.rs,desktop-core,12,20 26 28 34 38 39 43 46 47 49 169 197,retained-with-reason:desktop-bridge-transports-principal-scoped-canonical-ids
crates/gents-desktop-bridge/src/snapshot/session/projection.rs,desktop-core,5,222 223 224 241 379,retained-with-reason:desktop-bridge-transports-principal-scoped-canonical-ids
crates/gents-desktop-bridge/src/snapshot/session/tests/request_context.rs,tests,1,80,retained-with-reason:test-fixture-uses-explicit-opaque-ids-to-cover-runtime-and-legacy-paths
crates/gents-desktop-bridge/src/snapshot/tests/runtime.rs,tests,5,13 40 148 184 325,retained-with-reason:test-fixture-uses-explicit-opaque-ids-to-cover-runtime-and-legacy-paths
crates/gents-desktop-bridge/src/snapshot/tests/session_basic.rs,tests,18,12 31 96 98 99 105 113 114 120 161 253 259 273 347 370 406 430 444,retained-with-reason:test-fixture-uses-explicit-opaque-ids-to-cover-runtime-and-legacy-paths
crates/gents-desktop-bridge/src/snapshot/tests/session_stale_rows.rs,tests,15,11 31 58 81 124 159 182 200 236 242 256 270 288 309 330,retained-with-reason:test-fixture-uses-explicit-opaque-ids-to-cover-runtime-and-legacy-paths
crates/gents-desktop-bridge/src/snapshot/tests/session_state.rs,tests,31,77 89 105 127 140 164 178 195 252 275 655 674 710 729 745 779 802 818 877 900 918 1031 1054 1072 1170 1486 1514 1532 1588 1611 1627,retained-with-reason:test-fixture-uses-explicit-opaque-ids-to-cover-runtime-and-legacy-paths
crates/gents-desktop-bridge/src/snapshot/tests/session_timeline.rs,tests,17,422 445 472 732 756 770 798 913 936 966 1016 1040 1054 1109 1143 1166 1257,retained-with-reason:test-fixture-uses-explicit-opaque-ids-to-cover-runtime-and-legacy-paths
crates/gents-desktop-bridge/src/snapshot/tests/subagent_lineage.rs,tests,2,19 31,retained-with-reason:test-fixture-uses-explicit-opaque-ids-to-cover-runtime-and-legacy-paths
crates/gents-desktop-bridge/src/state.rs,desktop-core,1,29,retained-with-reason:desktop-bridge-transports-principal-scoped-canonical-ids
crates/gents-desktop-bridge/src/tauri_commands/chat.rs,desktop-core,1,336,retained-with-reason:desktop-bridge-transports-principal-scoped-canonical-ids
crates/gents-desktop-bridge/src/tauri_commands/inference_setup.rs,desktop-core,2,14 97,retained-with-reason:desktop-provider-flow-manages-shared-backend-and-source-profile-ids
crates/gents-desktop-bridge/src/tauri_commands/lifecycle.rs,desktop-core,2,113 366,retained-with-reason:desktop-bridge-transports-principal-scoped-canonical-ids
crates/gents-desktop-bridge/src/tauri_commands/managed_server.rs,desktop-core,1,1082,retained-with-reason:desktop-bridge-transports-principal-scoped-canonical-ids
crates/gents-desktop-bridge/src/tauri_commands/operations.rs,desktop-core,1,279,retained-with-reason:desktop-bridge-transports-principal-scoped-canonical-ids
crates/gents-desktop-bridge/src/tauri_commands/tools_explain.rs,desktop-core,23,15 27 28 37 41 58 59 64 65 69 70 74 75 79 80 84 85 87 97 101 103 105 106,retained-with-reason:desktop-bridge-transports-principal-scoped-canonical-ids
crates/gents-desktop-bridge/src/tests/support.rs,tests,10,24 51 71 84 97 110 123 136 268 296,retained-with-reason:test-fixture-uses-explicit-opaque-ids-to-cover-runtime-and-legacy-paths
crates/gents-desktop-bridge/src/typegen.rs,desktop-core,6,273 472 473 495 496 502,changed
crates/gents-desktop-bridge/src/types/requests.rs,desktop-core,21,67 140 147 161 168 334 337 342 350 393 399 411 417 467 474 481 487 493 500 507 514,changed
crates/gents-desktop-bridge/src/types/views/deployment.rs,desktop-core,13,122 125 129 172 181 185 186 202 255 286 338 373 400,retained-with-reason:desktop-bridge-transports-principal-scoped-canonical-ids
crates/gents-desktop-bridge/src/types/views/events.rs,desktop-core,2,29 39,retained-with-reason:desktop-bridge-transports-principal-scoped-canonical-ids
crates/gents-desktop-bridge/src/types/views/operations.rs,desktop-core,2,123 170,retained-with-reason:desktop-bridge-transports-principal-scoped-canonical-ids
crates/gents-desktop-bridge/src/types/views/session.rs,desktop-core,1,428,retained-with-reason:desktop-bridge-transports-principal-scoped-canonical-ids
crates/gents-desktop-core/src/client/collection_resolver.rs,desktop-core,6,68 76 97 112 133 154,retained-with-reason:desktop-bridge-transports-principal-scoped-canonical-ids
crates/gents-desktop-core/src/client/core/bootstrap.rs,desktop-core,2,5 57,retained-with-reason:desktop-bridge-transports-principal-scoped-canonical-ids
crates/gents-desktop-core/src/client/core/writes.rs,desktop-core,36,112 113 201 207 218 229 242 678 684 687 696 704 711 714 716 725 729 770 774 776 785 789 796 800 802 811 819 1110 1204 1243 1444 1458 1475 2149 2173 2175,changed
crates/gents-desktop-core/src/client/mutations/chat/binding.rs,desktop-core,13,8 14 34 37 38 40 43 46 47 49 51 68 72,retained-with-reason:desktop-bridge-transports-principal-scoped-canonical-ids
crates/gents-desktop-core/src/client/mutations/chat/request.rs,desktop-core,26,27 68 80 100 120 146 158 170 220 237 248 254 286 433 437 456 475 497 526 527 557 723 739 757 819 856,retained-with-reason:desktop-bridge-transports-principal-scoped-canonical-ids
crates/gents-desktop-core/src/client/mutations/chat/request/tests.rs,tests,11,61 318 487 502 609 854 890 1338 1460 1468 1512,retained-with-reason:test-fixture-uses-explicit-opaque-ids-to-cover-runtime-and-legacy-paths
crates/gents-desktop-core/src/client/mutations/chat/tests.rs,tests,1,9,retained-with-reason:test-fixture-uses-explicit-opaque-ids-to-cover-runtime-and-legacy-paths
crates/gents-desktop-core/src/client/mutations/manage/behavior.rs,desktop-core,6,116 152 156 161 174 231,changed
crates/gents-desktop-core/src/client/mutations/manage/inference.rs,desktop-core,1,125,retained-with-reason:desktop-bridge-transports-principal-scoped-canonical-ids
crates/gents-desktop-core/src/client/mutations/manage/principal.rs,desktop-core,13,253 254 269 285 298 300 301 302 313 318 333 366 422,retained-with-reason:desktop-bridge-transports-principal-scoped-canonical-ids
crates/gents-desktop-core/src/client/mutations/manage/profile.rs,desktop-core,1,98,retained-with-reason:desktop-provider-flow-manages-shared-backend-and-source-profile-ids
crates/gents-desktop-core/src/client/mutations/manage/skill.rs,desktop-core,1,105,retained-with-reason:desktop-bridge-transports-principal-scoped-canonical-ids
crates/gents-desktop-core/src/client/mutations/manage/task.rs,desktop-core,39,213 223 229 247 248 255 257 264 315 345 351 354 359 364 376 379 381 382 385 394 404 414 454 477 478 489 511 539 573 653 771 772 792 793 810 825 873 874 888,retained-with-reason:desktop-bridge-transports-principal-scoped-canonical-ids
crates/gents-desktop-core/src/client/mutations/manage/tools.rs,desktop-core,9,131 147 164 175 176 183 187 191 195,retained-with-reason:desktop-bridge-transports-principal-scoped-canonical-ids
crates/gents-desktop-core/src/client/observe/tests.rs,tests,5,143 153 187 224 281,retained-with-reason:test-fixture-uses-explicit-opaque-ids-to-cover-runtime-and-legacy-paths
crates/gents-desktop-core/src/client/query.rs,desktop-core,14,69 70 73 74 77 82 90 91 92 96 97 98 102 107,changed
crates/gents-desktop-core/src/client/query/tests/projection_and_patches.rs,tests,9,3 9 64 131 150 188 197 207 220,retained-with-reason:test-fixture-uses-explicit-opaque-ids-to-cover-runtime-and-legacy-paths
crates/gents-desktop-core/src/client/query/tests/query_edges.rs,tests,10,3 9 22 35 59 69 100 141 150 157,retained-with-reason:test-fixture-uses-explicit-opaque-ids-to-cover-runtime-and-legacy-paths
crates/gents-desktop-core/src/client/query/tests/transcript_pagination.rs,tests,4,3 8 174 320,retained-with-reason:test-fixture-uses-explicit-opaque-ids-to-cover-runtime-and-legacy-paths
crates/gents-desktop-core/src/client/store/control_plane_lookups.rs,desktop-core,16,4 9 17 18 19 25 35 38 41 48 51 56 64 70 77 80,retained-with-reason:desktop-bridge-transports-principal-scoped-canonical-ids
crates/gents-desktop-core/src/client/store/merge_helpers.rs,desktop-core,7,127 242 267 278 285 292 299,retained-with-reason:desktop-bridge-transports-principal-scoped-canonical-ids
crates/gents-desktop-core/src/client/store/merges.rs,desktop-core,4,933 944 947 956,retained-with-reason:desktop-bridge-transports-principal-scoped-canonical-ids
crates/gents-desktop-core/src/client/store/tests/store_semantics.rs,tests,4,72 78 101 146,retained-with-reason:test-fixture-uses-explicit-opaque-ids-to-cover-runtime-and-legacy-paths
crates/gents-desktop-core/src/remote_admin/http_impl.rs,desktop-core,3,7 89 117,retained-with-reason:desktop-bridge-transports-principal-scoped-canonical-ids
crates/gents-desktop-core/tests/client_core.rs,tests,5,100 115 173 183 275,retained-with-reason:test-fixture-uses-explicit-opaque-ids-to-cover-runtime-and-legacy-paths
crates/gents-desktop-core/tests/client_store.rs,tests,26,24 35 54 128 149 181 226 265 288 328 351 482 580 586 599 610 631 793 903 947 949 952 956 957 967 968,retained-with-reason:test-fixture-uses-explicit-opaque-ids-to-cover-runtime-and-legacy-paths
crates/gents-desktop-core/tests/manage_view.rs,tests,16,41 53 76 78 82 89 124 130 136 137 142 188 195 196 199 206,retained-with-reason:test-fixture-uses-explicit-opaque-ids-to-cover-runtime-and-legacy-paths
crates/gents-desktop-core/tests/submission_api.rs,tests,6,64 70 83 109 144 152,retained-with-reason:test-fixture-uses-explicit-opaque-ids-to-cover-runtime-and-legacy-paths
crates/gents-desktop/src/main.rs,desktop-core,1,71,retained-with-reason:desktop-bridge-transports-principal-scoped-canonical-ids
crates/gents-fs-runner/src/tools.rs,runtime,2,6 124,retained-with-reason:domain-fixture-does-not-author-behavior-configuration
crates/gents-fs-runner/src/traversal/common.rs,runtime,1,154,retained-with-reason:domain-fixture-does-not-author-behavior-configuration
crates/gents-fs-runner/src/traversal/grep_matches.rs,runtime,1,24,retained-with-reason:domain-fixture-does-not-author-behavior-configuration
crates/gents-lean-contract/src/lib.rs,runtime,1,194,retained-with-reason:runtime-plumbing-preserves-canonical-id-as-opaque-value
crates/gents-migration/tests/baseline_ensure.rs,tests,2,109 368,retained-with-reason:migration-baseline-preserves-historical-schema-and-logical-ids
crates/gents-protocol/prompts/setup.md,protocol-and-schemas,6,1 14 19 33 38 50,changed
crates/gents-protocol/schemas/README.md,protocol-and-schemas,10,12 15 16 19 20 31 32 35 54 97,retained-with-reason:schema-field-carries-principal-scoped-logical-id-without-prescribing-spelling
crates/gents-protocol/schemas/inference/inference_call.graphql,protocol-and-schemas,1,8,retained-with-reason:schema-field-carries-principal-scoped-logical-id-without-prescribing-spelling
crates/gents-protocol/schemas/inference/inference_execution.graphql,protocol-and-schemas,3,1 2 10,changed
crates/gents-protocol/schemas/inference/inference_profile.graphql,protocol-and-schemas,4,1 2 11 12,changed
crates/gents-protocol/schemas/inference/inference_retry_policy.graphql,protocol-and-schemas,2,1 2,changed
crates/gents-protocol/schemas/inference/inference_sampling.graphql,protocol-and-schemas,2,1 2,changed
crates/gents-protocol/src/behavior_readiness.rs,protocol-and-schemas,45,90 102 108 145 148 149 151 157 160 169 175 182 189 192 201 237 261 267 270 272 297 305 306 312 355 377 378 381 383 384 387 390 391 394 399 406 412 418 420 421 431 433 437 454 460,retained-with-reason:protocol-record-preserves-runtime-assigned-id-as-opaque-value
crates/gents-protocol/src/behavior_readiness/tests.rs,tests,13,17 48 54 62 72 97 102 120 128 162 173 191 199,retained-with-reason:test-fixture-uses-explicit-opaque-ids-to-cover-runtime-and-legacy-paths
crates/gents-protocol/src/graphql.rs,protocol-and-schemas,1,1251,retained-with-reason:schema-field-carries-principal-scoped-logical-id-without-prescribing-spelling
crates/gents-protocol/src/persona.rs,protocol-and-schemas,11,24 36 43 77 81 147 154 178 185 231 233,retained-with-reason:signed-intent-carries-requested-display-name-and-returned-canonical-id
crates/gents-protocol/src/request_admission.rs,protocol-and-schemas,11,196 236 576 798 842 855 892 950 1181 1182 1456,retained-with-reason:protocol-record-preserves-runtime-assigned-id-as-opaque-value
crates/gents-protocol/src/row.rs,protocol-and-schemas,4,88 222 250 588,retained-with-reason:protocol-record-preserves-runtime-assigned-id-as-opaque-value
crates/gents-protocol/src/schemas.rs,protocol-and-schemas,1,311,retained-with-reason:schema-field-carries-principal-scoped-logical-id-without-prescribing-spelling
crates/gents-protocol/src/session.rs,protocol-and-schemas,1,18,retained-with-reason:protocol-record-preserves-runtime-assigned-id-as-opaque-value
crates/gents-protocol/tests/setup_prompt.rs,tests,1,40,changed
crates/gents-schemas/schemas/agent/agent_behavior.graphql,protocol-and-schemas,4,1 2 6 7,retained-with-reason:schema-field-carries-principal-scoped-logical-id-without-prescribing-spelling
crates/gents-schemas/schemas/agent/agent_context.graphql,protocol-and-schemas,4,1 2 7 8,changed
crates/gents-schemas/schemas/agent/agent_directory_entry.graphql,protocol-and-schemas,6,32 35 36 39 40 59,retained-with-reason:schema-field-carries-principal-scoped-logical-id-without-prescribing-spelling
crates/gents-schemas/schemas/agent/agent_principal.graphql,protocol-and-schemas,1,4,retained-with-reason:schema-field-carries-principal-scoped-logical-id-without-prescribing-spelling
crates/gents-schemas/schemas/agent/agent_request.graphql,protocol-and-schemas,1,29,retained-with-reason:schema-field-carries-principal-scoped-logical-id-without-prescribing-spelling
crates/gents-schemas/schemas/agent/agent_response.graphql,protocol-and-schemas,1,7,retained-with-reason:schema-field-carries-principal-scoped-logical-id-without-prescribing-spelling
crates/gents-schemas/schemas/agent/agent_session.graphql,protocol-and-schemas,1,22,retained-with-reason:schema-field-carries-principal-scoped-logical-id-without-prescribing-spelling
crates/gents-schemas/schemas/agent/compaction_config.graphql,protocol-and-schemas,3,1 2 11,changed
crates/gents-schemas/schemas/agent/mailbox_item.graphql,protocol-and-schemas,1,26,retained-with-reason:schema-field-carries-principal-scoped-logical-id-without-prescribing-spelling
crates/gents-schemas/schemas/agent/persona_config_request.graphql,protocol-and-schemas,4,34 42 51 57,retained-with-reason:schema-field-carries-principal-scoped-logical-id-without-prescribing-spelling
crates/gents-schemas/schemas/agent/projection_acp_binding.graphql,protocol-and-schemas,1,8,retained-with-reason:schema-field-carries-principal-scoped-logical-id-without-prescribing-spelling
crates/gents-schemas/schemas/agent/rendered_request.graphql,protocol-and-schemas,1,50,retained-with-reason:schema-field-carries-principal-scoped-logical-id-without-prescribing-spelling
crates/gents-schemas/schemas/agent/subagent_target.graphql,protocol-and-schemas,1,6,retained-with-reason:schema-field-carries-principal-scoped-logical-id-without-prescribing-spelling
crates/gents-schemas/schemas/agent/task.graphql,protocol-and-schemas,1,6,retained-with-reason:schema-field-carries-principal-scoped-logical-id-without-prescribing-spelling
crates/gents-schemas/schemas/agent/tools.graphql,protocol-and-schemas,2,5 6,changed
crates/gents-schemas/src/lib.rs,protocol-and-schemas,1,432,retained-with-reason:protocol-record-preserves-runtime-assigned-id-as-opaque-value
crates/gents/examples/serve_default_behavior.rs,runtime,20,13 126 127 128 129 130 131 132 133 135 151 152 153 154 155 157 161 163 164 232,changed
crates/gents/proofs/Proofs/ConfigDocuments.lean,proofs,12,51 52 53 54 59 60 62 63 64 65 67 68,changed
crates/gents/proofs/Proofs/Conformance/Boundaries.lean,proofs,1,30,retained-with-reason:proof-contract-models-logical-ids-as-opaque-values
crates/gents/proofs/Proofs/Conformance/ConfigurationScope.lean,proofs,2,53 54,changed
crates/gents/proofs/Proofs/Conformance/Contracts/Json/BackgroundWork.lean,proofs,1,349,retained-with-reason:proof-contract-models-logical-ids-as-opaque-values
crates/gents/proofs/Proofs/Conformance/Contracts/Json/CodexShim.lean,proofs,3,771 772 773,retained-with-reason:proof-contract-models-logical-ids-as-opaque-values
crates/gents/proofs/Proofs/Conformance/Contracts/Json/Goal.lean,proofs,2,443 449,retained-with-reason:proof-contract-models-logical-ids-as-opaque-values
crates/gents/proofs/Proofs/Conformance/Contracts/Json/Runtime.lean,proofs,2,144 145,retained-with-reason:proof-contract-models-logical-ids-as-opaque-values
crates/gents/proofs/Proofs/Conformance/Contracts/Json/Snapshot.lean,proofs,1,174,retained-with-reason:proof-contract-models-logical-ids-as-opaque-values
crates/gents/proofs/Proofs/Conformance/CoverageLedger.lean,proofs,1,708,retained-with-reason:proof-contract-models-logical-ids-as-opaque-values
crates/gents/proofs/Proofs/Identity/Conformance.lean,proofs,2,70 316,retained-with-reason:proof-contract-models-logical-ids-as-opaque-values
crates/gents/proofs/Proofs/SelfConfig/Cases.lean,proofs,5,74 104 105 132 133,changed
crates/gents/proofs/Proofs/SelfConfig/Types.lean,proofs,1,27,changed
crates/gents/src/adapter_projection.rs,runtime,42,90 263 334 369 383 407 471 479 485 511 552 777 893 910 1028 1080 1086 1127 1224 1442 1526 1574 1584 1615 1892 1899 1968 2053 2079 2106 2200 2256 2319 2334 2342 2357 2371 2412 2495 2498 2503 2510,retained-with-reason:adapter-projection-preserves-source-behavior-id-as-opaque-provenance
crates/gents/src/adapter_projection/atif.rs,runtime,4,289 296 297 991,retained-with-reason:adapter-projection-preserves-source-behavior-id-as-opaque-provenance
crates/gents/src/adapter_projection/tests.rs,tests,18,65 208 232 373 396 407 533 545 547 555 563 572 574 579 988 992 1147 1158,retained-with-reason:adapter-test-preserves-external-and-runtime-assigned-opaque-ids
crates/gents/src/admission/client.rs,runtime,5,171 188 195 216 366,retained-with-reason:runtime-plumbing-preserves-canonical-id-as-opaque-value
crates/gents/src/admission/controller.rs,runtime,4,311 412 426 444,retained-with-reason:runtime-plumbing-preserves-canonical-id-as-opaque-value
crates/gents/src/admission/persistence.rs,runtime,3,223 247 295,retained-with-reason:runtime-plumbing-preserves-canonical-id-as-opaque-value
crates/gents/src/admission/recovery_tests.rs,tests,2,16 111,retained-with-reason:test-fixture-uses-explicit-opaque-ids-to-cover-runtime-and-legacy-paths
crates/gents/src/admission/registry.rs,runtime,3,118 127 148,retained-with-reason:runtime-plumbing-preserves-canonical-id-as-opaque-value
crates/gents/src/admission/tests.rs,tests,6,21 55 258 450 451 1238,retained-with-reason:test-fixture-uses-explicit-opaque-ids-to-cover-runtime-and-legacy-paths
crates/gents/src/agent.rs,runtime,12,51 85 156 157 184 191 192 195 263 264 361 378,retained-with-reason:runtime-resolution-consumes-principal-scoped-exact-behavior-ids
crates/gents/src/agent/builder.rs,runtime,25,37 40 60 87 88 150 151 173 174 184 188 223 234 239 240 243 284 285 289 460 579 598 607 612 657,changed
crates/gents/src/agent/daemon.rs,runtime,31,19 79 82 125 156 264 274 278 282 292 308 318 319 347 359 376 388 399 411 430 439 448 457 458 461 462 467 470 683 706 734,retained-with-reason:runtime-resolution-consumes-principal-scoped-exact-behavior-ids
crates/gents/src/agent/daemon/execution_lease_regression_tests.rs,tests,3,116 118 154,retained-with-reason:test-fixture-uses-explicit-opaque-ids-to-cover-runtime-and-legacy-paths
crates/gents/src/agent/daemon/inference.rs,runtime,15,140 156 613 634 668 758 764 798 808 853 860 1006 1008 1133 1135,retained-with-reason:runtime-resolution-consumes-principal-scoped-exact-behavior-ids
crates/gents/src/agent/daemon/request.rs,runtime,15,7 77 80 174 194 212 237 280 297 428 445 461 469 475 496,retained-with-reason:durable-runtime-record-preserves-selected-behavior-id-as-opaque-reference
crates/gents/src/agent/directory_projection.rs,runtime,91,35 36 38 39 42 43 47 50 52 65 71 84 102 197 205 207 210 225 237 238 414 458 459 497 498 552 553 590 591 608 609 683 684 689 918 921 926 952 957 961 996 1001 1077 1102 1104 1172 1173 1237 1240 1246 1247 1252 1258 1262 1300 1331 1333 1335 1341 1342 1346 1348 1461 1463 1545 1562 1565 1566 1570 1573 1577 1580 1585 1589 1592 1596 1614 1615 1618 1622 1625 1665 1670 1673 1674 1676 1699 1745 1746 1795 1806,retained-with-reason:runtime-resolution-consumes-principal-scoped-exact-behavior-ids
crates/gents/src/agent/document_view/automation.rs,runtime,8,9 59 60 68 138 160 164 171,retained-with-reason:runtime-resolution-consumes-principal-scoped-exact-behavior-ids
crates/gents/src/agent/document_view/mod.rs,runtime,7,73 151 157 164 171 184 209,retained-with-reason:runtime-resolution-consumes-principal-scoped-exact-behavior-ids
crates/gents/src/agent/document_view/snapshot.rs,runtime,40,69 72 81 115 118 127 137 149 155 164 199 226 258 266 280 282 293 295 301 307 317 319 326 329 331 337 338 344 427 428 430 432 436 446 460 463 469 476 566 600,retained-with-reason:runtime-resolution-consumes-principal-scoped-exact-behavior-ids
crates/gents/src/agent/document_view/tests.rs,tests,112,38 43 45 46 52 64 65 73 74 78 79 80 81 82 83 84 85 86 89 97 98 112 113 114 128 158 175 189 194 195 214 217 241 252 256 358 359 429 438 441 458 459 464 465 481 486 501 502 508 512 519 545 550 584 595 689 734 815 871 872 878 925 943 944 950 996 1012 1013 1021 1095 1096 1102 1162 1163 1171 1240 1241 1249 1260 1265 1316 1321 1327 1336 1337 1343 1352 1353 1367 1372 1416 1419 1435 1441 1460 1464 1480 1486 1493 1498 1514 1517 1532 1537 1575 1589 1592 1607 1656 1705 1749 2040,changed
crates/gents/src/agent/loop_stream/tests/capture.rs,tests,2,467 575,retained-with-reason:test-fixture-uses-explicit-opaque-ids-to-cover-runtime-and-legacy-paths
crates/gents/src/agent/loop_stream/tests/claude.rs,tests,1,33,retained-with-reason:test-fixture-uses-explicit-opaque-ids-to-cover-runtime-and-legacy-paths
crates/gents/src/agent/loop_stream/tests/request_assembly.rs,tests,5,640 644 648 657 672,retained-with-reason:test-fixture-uses-explicit-opaque-ids-to-cover-runtime-and-legacy-paths
crates/gents/src/agent/loop_stream/tests/support.rs,tests,2,585 591,retained-with-reason:test-fixture-uses-explicit-opaque-ids-to-cover-runtime-and-legacy-paths
crates/gents/src/agent/p2p_reconcile/embedded_impl.rs,runtime,16,309 650 655 687 689 733 844 851 909 913 918 1304 1374 1380 1385 1386,retained-with-reason:runtime-resolution-consumes-principal-scoped-exact-behavior-ids
crates/gents/src/agent/p2p_reconcile/mod.rs,runtime,1,54,retained-with-reason:runtime-resolution-consumes-principal-scoped-exact-behavior-ids
crates/gents/src/agent/p2p_reconcile/persona_requests.rs,runtime,64,85 198 266 276 470 477 483 530 532 584 587 622 625 632 633 637 650 681 687 693 706 716 724 726 735 789 803 815 839 845 889 903 907 915 922 923 924 931 944 969 1103 1115 1158 1189 1210 1339 1382 1390 1421 1428 1450 1451 1462 1463 1480 1493 1505 1516 1528 1529 1553 1608 1612 1616,changed
crates/gents/src/agent/p2p_reconcile/profiles.rs,runtime,11,55 57 66 67 68 71 72 200 220 225 226,retained-with-reason:runtime-resolution-consumes-principal-scoped-exact-behavior-ids
crates/gents/src/agent/persona_ops.rs,runtime,134,36 42 55 59 61 112 118 124 151 153 164 171 235 272 273 274 276 277 350 369 374 398 399 401 402 407 422 423 454 455 457 458 463 488 496 500 523 532 563 604 605 613 616 619 624 631 632 637 643 658 659 660 661 663 665 668 687 698 708 717 719 720 722 723 730 734 747 748 764 768 807 848 867 875 890 892 893 894 924 925 959 964 1039 1059 1069 1071 1083 1084 1089 1100 1110 1112 1117 1124 1127 1132 1175 1186 1193 1197 1211 1221 1276 1282 1285 1294 1327 1332 1339 1342 1343 1349 1358 1361 1363 1370 1375 1379 1381 1382 1387 1395 1412 1417 1424 1443 1448 1455 1468 1476 1481 1489 1500 1518,changed
crates/gents/src/agent/persona_presets.rs,runtime,1,142,retained-with-reason:runtime-resolution-consumes-principal-scoped-exact-behavior-ids
crates/gents/src/agent/principal_assembly.rs,runtime,2,5 17,retained-with-reason:runtime-resolution-consumes-principal-scoped-exact-behavior-ids
crates/gents/src/agent/reconcile.rs,runtime,57,67 68 71 72 75 76 85 91 95 97 100 101 134 135 136 138 143 157 161 165 208 217 276 278 330 331 334 340 343 349 350 354 358 362 365 369 375 389 397 399 400 402 403 404 456 457 458 461 463 467 469 473 474 502 504 514 525,retained-with-reason:runtime-resolution-consumes-principal-scoped-exact-behavior-ids
crates/gents/src/agent/reconcile/diff.rs,runtime,6,30 33 37 41 42 56,retained-with-reason:runtime-resolution-consumes-principal-scoped-exact-behavior-ids
crates/gents/src/agent/reconcile/slot.rs,runtime,23,54 55 56 57 61 101 111 114 119 175 178 182 387 397 412 423 438 477 497 508 544 550 558,retained-with-reason:runtime-resolution-consumes-principal-scoped-exact-behavior-ids
crates/gents/src/agent/reconcile/tests.rs,tests,27,41 49 59 62 72 83 86 111 117 644 928 931 937 940 945 948 965 972 976 980 1363 1370 1396 1519 1525 1532 1536,retained-with-reason:test-fixture-uses-explicit-opaque-ids-to-cover-runtime-and-legacy-paths
crates/gents/src/agent/runtime/context.rs,runtime,22,14 35 48 57 59 67 69 79 80 83 84 87 88 91 95 103 130 152 192 251 253 256,retained-with-reason:runtime-resolution-consumes-principal-scoped-exact-behavior-ids
crates/gents/src/agent/runtime/router.rs,runtime,21,182 190 197 201 204 210 215 241 252 261 270 278 399 400 407 410 411 415 421 430 450,retained-with-reason:runtime-resolution-consumes-principal-scoped-exact-behavior-ids
crates/gents/src/agent/runtime/startup.rs,runtime,34,66 69 77 80 83 86 91 92 102 128 131 141 145 148 151 299 420 423 425 1048 1129 1168 1182 1193 1194 1196 1199 1200 1204 1217 1233 1271 1296 1439,retained-with-reason:runtime-resolution-consumes-principal-scoped-exact-behavior-ids
crates/gents/src/agent/runtime/tests/behavior_resolution.rs,tests,3,11 49 65,retained-with-reason:test-fixture-uses-explicit-opaque-ids-to-cover-runtime-and-legacy-paths
crates/gents/src/agent/runtime/tests/control_watcher.rs,tests,18,89 102 103 147 168 169 172 173 226 229 267 272 300 343 380 414 434 454,retained-with-reason:test-fixture-uses-explicit-opaque-ids-to-cover-runtime-and-legacy-paths
crates/gents/src/agent/runtime/tests/router.rs,tests,8,44 71 310 328 387 392 407 431,retained-with-reason:test-fixture-uses-explicit-opaque-ids-to-cover-runtime-and-legacy-paths
crates/gents/src/agent/runtime/tests/startup_recovery.rs,tests,10,232 236 281 285 286 287 291 292 313 821,retained-with-reason:test-fixture-uses-explicit-opaque-ids-to-cover-runtime-and-legacy-paths
crates/gents/src/agent/runtime/tests/support.rs,tests,15,39 45 449 450 451 452 453 457 459 460 462 499 506 508 513,retained-with-reason:test-fixture-uses-explicit-opaque-ids-to-cover-runtime-and-legacy-paths
crates/gents/src/agent/stream_processor/tests.rs,tests,2,40 174,retained-with-reason:test-fixture-uses-explicit-opaque-ids-to-cover-runtime-and-legacy-paths
crates/gents/src/agent/supervision.rs,runtime,6,42 55 59 71 75 102,retained-with-reason:runtime-resolution-consumes-principal-scoped-exact-behavior-ids
crates/gents/src/agent/tests/builder.rs,tests,1,57,retained-with-reason:test-fixture-uses-explicit-opaque-ids-to-cover-runtime-and-legacy-paths
crates/gents/src/agent/tests/command_policy.rs,tests,1,7,retained-with-reason:test-fixture-uses-explicit-opaque-ids-to-cover-runtime-and-legacy-paths
crates/gents/src/agent/tests/document_loading.rs,tests,55,8 19 20 21 69 79 81 85 91 104 105 109 116 122 132 136 141 149 165 169 270 273 278 295 297 305 308 316 324 344 370 381 382 387 404 406 426 429 437 439 455 458 477 479 482 488 491 499 501 509 510 526 529 566 582,changed
crates/gents/src/agent/tests/supervision.rs,tests,1,41,retained-with-reason:test-fixture-uses-explicit-opaque-ids-to-cover-runtime-and-legacy-paths
crates/gents/src/backend_registry/tests.rs,tests,1,11,retained-with-reason:test-fixture-uses-explicit-opaque-ids-to-cover-runtime-and-legacy-paths
crates/gents/src/background_completion/reconciliation.rs,runtime,1,107,retained-with-reason:durable-runtime-record-preserves-selected-behavior-id-as-opaque-reference
crates/gents/src/background_completion/rendering.rs,runtime,2,5 10,retained-with-reason:durable-runtime-record-preserves-selected-behavior-id-as-opaque-reference
crates/gents/src/background_completion/tests.rs,tests,1,99,retained-with-reason:test-fixture-uses-explicit-opaque-ids-to-cover-runtime-and-legacy-paths
crates/gents/src/background_completion_diagnostics.rs,runtime,2,652 660,retained-with-reason:durable-runtime-record-preserves-selected-behavior-id-as-opaque-reference
crates/gents/src/background_tools.rs,runtime,43,76 279 301 406 429 539 805 1437 1469 1470 1472 1489 1495 1527 1554 1555 1557 1558 1561 1583 1585 1649 1655 1662 1665 1668 1671 1675 1678 1681 1685 1687 1706 1707 1752 1753 1764 1792 1805 1810 1836 1841 1923,retained-with-reason:durable-runtime-record-preserves-selected-behavior-id-as-opaque-reference
crates/gents/src/background_tools/r4c_args.rs,runtime,1,179,retained-with-reason:durable-runtime-record-preserves-selected-behavior-id-as-opaque-reference
crates/gents/src/background_tools/subagent_control.rs,runtime,2,19 150,retained-with-reason:durable-runtime-record-preserves-selected-behavior-id-as-opaque-reference
crates/gents/src/behavior_readiness_publisher.rs,runtime,54,32 33 115 149 165 170 175 181 290 292 299 305 307 309 310 313 317 323 345 347 354 356 365 370 378 380 497 505 507 509 537 541 544 600 605 619 625 630 649 656 661 680 686 691 693 700 701 707 765 769 777 829 832 833,retained-with-reason:runtime-resolution-consumes-principal-scoped-exact-behavior-ids
crates/gents/src/behavior_readiness_publisher/tests.rs,tests,12,290 294 329 333 359 363 385 389 412 416 443 447,retained-with-reason:test-fixture-uses-explicit-opaque-ids-to-cover-runtime-and-legacy-paths
crates/gents/src/callback/wasm.rs,runtime,2,10 211,retained-with-reason:runtime-plumbing-preserves-canonical-id-as-opaque-value
crates/gents/src/chatgpt_codex.rs,runtime,1,568,retained-with-reason:runtime-plumbing-preserves-canonical-id-as-opaque-value
crates/gents/src/collection.rs,runtime,8,150 151 152 157 160 161 162 163,retained-with-reason:canonical-storage-field-uses-exact-principal-scoped-logical-key
crates/gents/src/compaction/tests.rs,tests,4,14 1931 2789 3059,retained-with-reason:test-fixture-uses-explicit-opaque-ids-to-cover-runtime-and-legacy-paths
crates/gents/src/completion_factory.rs,runtime,1,401,retained-with-reason:runtime-plumbing-preserves-canonical-id-as-opaque-value
crates/gents/src/completion_factory/tests.rs,tests,5,17 402 408 574 695,retained-with-reason:test-fixture-uses-explicit-opaque-ids-to-cover-runtime-and-legacy-paths
crates/gents/src/config.rs,runtime,6,39 326 397 436 444 480,retained-with-reason:runtime-plumbing-preserves-canonical-id-as-opaque-value
crates/gents/src/config_client/agent_behavior.rs,runtime,12,31 45 51 78 102 107 108 115 128 133 142 151,retained-with-reason:canonical-storage-field-uses-exact-principal-scoped-logical-key
crates/gents/src/config_client/common.rs,runtime,2,60 66,retained-with-reason:canonical-storage-field-uses-exact-principal-scoped-logical-key
crates/gents/src/config_client/desired_state/tests.rs,tests,13,124 244 248 252 256 260 280 288 347 399 401 403 407,retained-with-reason:test-fixture-uses-explicit-opaque-ids-to-cover-runtime-and-legacy-paths
crates/gents/src/config_client/inference_profile.rs,runtime,3,30 73 100,retained-with-reason:canonical-storage-field-uses-exact-principal-scoped-logical-key
crates/gents/src/config_client/patch.rs,runtime,2,127 274,changed
crates/gents/src/config_client/tools.rs,runtime,2,26 49,retained-with-reason:canonical-storage-field-uses-exact-principal-scoped-logical-key
crates/gents/src/defra_query/schema.rs,runtime,1,356,retained-with-reason:runtime-plumbing-preserves-canonical-id-as-opaque-value
crates/gents/src/descendant_graph.rs,runtime,8,112 260 710 712 713 737 1037 1301,retained-with-reason:runtime-plumbing-preserves-canonical-id-as-opaque-value
crates/gents/src/document_config/behavior.rs,runtime,15,14 23 35 39 80 82 89 91 95 99 103 104 143 147 148,changed
crates/gents/src/document_config/compaction.rs,runtime,6,17 60 77 85 96 122,changed
crates/gents/src/document_config/config_model_tests.rs,tests,24,13 41 49 52 54 55 61 65 69 73 81 85 89 90 94 102 161 171 185 188 190 197 199 203,retained-with-reason:test-fixture-uses-explicit-opaque-ids-to-cover-runtime-and-legacy-paths
crates/gents/src/document_config/context.rs,runtime,3,15 31 36,changed
crates/gents/src/document_config/eth_validation_tests.rs,tests,2,11 43,retained-with-reason:test-fixture-uses-explicit-opaque-ids-to-cover-runtime-and-legacy-paths
crates/gents/src/document_config/inference_execution.rs,runtime,9,11 39 57 95 110 121 141 151 162,changed
crates/gents/src/document_config/inference_profile.rs,runtime,15,10 16 45 49 70 79 97 98 104 106 114 126 151 186 232,changed
crates/gents/src/document_config/inference_sampling.rs,runtime,9,11 54 62 67 75 83 88 96 105,changed
crates/gents/src/document_config/installation.rs,runtime,1,92,retained-with-reason:canonical-storage-field-uses-exact-principal-scoped-logical-key
crates/gents/src/document_config/mod.rs,runtime,4,64 113 146 180,retained-with-reason:canonical-storage-field-uses-exact-principal-scoped-logical-key
crates/gents/src/document_config/principal.rs,runtime,7,23 70 90 98 99 109 116,retained-with-reason:canonical-storage-field-uses-exact-principal-scoped-logical-key
crates/gents/src/document_config/references.rs,runtime,23,162 163 170 171 175 176 181 184 185 196 197 281 282 288 297 298 302 303 311 312 333 334 340,changed
crates/gents/src/document_config/references/tests.rs,tests,7,6 131 132 135 197 198 200,changed
crates/gents/src/document_config/subagent_target.rs,runtime,1,19,retained-with-reason:canonical-storage-field-uses-exact-principal-scoped-logical-key
crates/gents/src/document_config/surface_tool.rs,runtime,6,66 72 82 89 102 472,retained-with-reason:canonical-storage-field-uses-exact-principal-scoped-logical-key
crates/gents/src/document_config/task.rs,runtime,1,20,retained-with-reason:canonical-storage-field-uses-exact-principal-scoped-logical-key
crates/gents/src/document_config/task_validation/tests.rs,tests,3,6 7 51,retained-with-reason:test-fixture-uses-explicit-opaque-ids-to-cover-runtime-and-legacy-paths
crates/gents/src/document_config/tests.rs,tests,59,9 22 48 76 95 103 121 545 574 614 682 706 737 827 881 903 931 942 945 949 950 955 956 967 971 976 980 981 999 1000 1025 1046 1051 1056 1057 1105 1115 1145 1221 1230 1245 1265 1285 1315 1386 1389 1394 1397 1476 1496 1516 1641 1645 1649 1659 1668 1670 1720 1730,changed
crates/gents/src/document_config/tools.rs,runtime,7,22 792 813 829 841 850 865,changed
crates/gents/src/external_adapter_capture.rs,runtime,17,50 71 87 330 438 819 820 821 841 862 863 864 965 1006 1362 1371 1378,retained-with-reason:adapter-projection-preserves-source-behavior-id-as-opaque-provenance
crates/gents/src/goal.rs,runtime,5,663 1247 1274 1328 1363,retained-with-reason:durable-runtime-record-preserves-selected-behavior-id-as-opaque-reference
crates/gents/src/goal/operator_resume.rs,runtime,1,97,retained-with-reason:durable-runtime-record-preserves-selected-behavior-id-as-opaque-reference
crates/gents/src/goal/operator_resume/support.rs,runtime,1,168,retained-with-reason:durable-runtime-record-preserves-selected-behavior-id-as-opaque-reference
crates/gents/src/goal/request_head.rs,runtime,1,70,retained-with-reason:durable-runtime-record-preserves-selected-behavior-id-as-opaque-reference
crates/gents/src/goal/request_head_tests.rs,tests,1,47,retained-with-reason:test-fixture-uses-explicit-opaque-ids-to-cover-runtime-and-legacy-paths
crates/gents/src/graph_package/catalog.rs,runtime,3,307 315 323,retained-with-reason:runtime-plumbing-preserves-canonical-id-as-opaque-value
crates/gents/src/graph_package/install.rs,runtime,3,22 123 286,changed
crates/gents/src/graph_package/install/tests.rs,tests,20,21 35 69 86 100 109 152 171 186 187 188 192 232 233 237 247 256 261 284 376,changed
crates/gents/src/graph_pipeline/logical_invocation.rs,runtime,1,27,retained-with-reason:runtime-plumbing-preserves-canonical-id-as-opaque-value
crates/gents/src/graph_pipeline/logical_invocation_contract_tests.rs,tests,7,1058 1095 1101 1144 1244 1307 1308,retained-with-reason:test-fixture-uses-explicit-opaque-ids-to-cover-runtime-and-legacy-paths
crates/gents/src/graph_pipeline/run.rs,runtime,3,83 576 1422,retained-with-reason:runtime-plumbing-preserves-canonical-id-as-opaque-value
crates/gents/src/graph_pipeline/runtime.rs,runtime,2,1833 2274,retained-with-reason:runtime-plumbing-preserves-canonical-id-as-opaque-value
crates/gents/src/graph_pipeline/workspace_lineage_contract_tests.rs,tests,10,58 163 173 702 726 734 766 770 777 823,retained-with-reason:test-fixture-uses-explicit-opaque-ids-to-cover-runtime-and-legacy-paths
crates/gents/src/hook/persistence/background_tools.rs,runtime,3,181 183 192,retained-with-reason:durable-runtime-record-preserves-selected-behavior-id-as-opaque-reference
crates/gents/src/hook/persistence/helpers.rs,runtime,5,58 64 73 79 457,retained-with-reason:durable-runtime-record-preserves-selected-behavior-id-as-opaque-reference
crates/gents/src/hook/persistence/message_spawn.rs,runtime,8,620 699 715 727 839 850 912 925,changed
crates/gents/src/hook/persistence/subagent_bridge.rs,runtime,25,28 105 119 147 187 199 234 265 307 339 352 400 425 438 479 492 504 537 550 580 592 629 638 686 699,retained-with-reason:durable-runtime-record-preserves-selected-behavior-id-as-opaque-reference
crates/gents/src/hook/persistence/subagent_tools.rs,runtime,2,110 471,retained-with-reason:durable-runtime-record-preserves-selected-behavior-id-as-opaque-reference
crates/gents/src/hook/tests.rs,tests,4,672 1142 1250 2541,retained-with-reason:test-fixture-uses-explicit-opaque-ids-to-cover-runtime-and-legacy-paths
crates/gents/src/identity.rs,runtime,2,26 35,retained-with-reason:runtime-plumbing-preserves-canonical-id-as-opaque-value
crates/gents/src/inference_setup.rs,runtime,3,72 140 144,retained-with-reason:runtime-plumbing-preserves-canonical-id-as-opaque-value
crates/gents/src/interrupt/physical_scope_tests.rs,tests,3,23 24 26,retained-with-reason:test-fixture-uses-explicit-opaque-ids-to-cover-runtime-and-legacy-paths
crates/gents/src/interrupt/scope_tests.rs,tests,1,34,retained-with-reason:test-fixture-uses-explicit-opaque-ids-to-cover-runtime-and-legacy-paths
crates/gents/src/lean_vocab_test/background_transcript.rs,tests,1,217,retained-with-reason:test-fixture-uses-explicit-opaque-ids-to-cover-runtime-and-legacy-paths
crates/gents/src/lean_vocab_test/client_session.rs,tests,2,58 59,retained-with-reason:test-fixture-uses-explicit-opaque-ids-to-cover-runtime-and-legacy-paths
crates/gents/src/lean_vocab_test/codex_shim.rs,tests,3,105 106 107,retained-with-reason:test-fixture-uses-explicit-opaque-ids-to-cover-runtime-and-legacy-paths
crates/gents/src/lean_vocab_test/support.rs,tests,8,113 507 513 1005 1006 1009 1013 1016,changed
crates/gents/src/lib.rs,runtime,13,84 92 93 94 95 97 98 99 100 231 267 321 356,changed
crates/gents/src/lifecycle.rs,runtime,4,211 215 216 428,retained-with-reason:durable-runtime-record-preserves-selected-behavior-id-as-opaque-reference
crates/gents/src/lifecycle/background_wake_recovery.rs,runtime,4,135 178 407 433,retained-with-reason:durable-runtime-record-preserves-selected-behavior-id-as-opaque-reference
crates/gents/src/lifecycle/claim.rs,runtime,4,193 314 348 637,retained-with-reason:durable-runtime-record-preserves-selected-behavior-id-as-opaque-reference
crates/gents/src/lifecycle/execution_lease.rs,runtime,3,403 484 489,retained-with-reason:durable-runtime-record-preserves-selected-behavior-id-as-opaque-reference
crates/gents/src/lifecycle/execution_lease/tests.rs,tests,1,261,retained-with-reason:test-fixture-uses-explicit-opaque-ids-to-cover-runtime-and-legacy-paths
crates/gents/src/lifecycle/execution_lease/tests/workspace_recovery.rs,tests,1,159,retained-with-reason:test-fixture-uses-explicit-opaque-ids-to-cover-runtime-and-legacy-paths
crates/gents/src/lifecycle/manual.rs,runtime,6,14 22 34 41 60 171,retained-with-reason:durable-runtime-record-preserves-selected-behavior-id-as-opaque-reference
crates/gents/src/lifecycle/materialize.rs,runtime,21,86 95 111 129 228 303 328 452 632 636 698 709 743 807 808 831 834 835 844 969 1014,retained-with-reason:durable-runtime-record-preserves-selected-behavior-id-as-opaque-reference
crates/gents/src/lifecycle/queue.rs,runtime,1,32,retained-with-reason:durable-runtime-record-preserves-selected-behavior-id-as-opaque-reference
crates/gents/src/lifecycle/queue/atomic_inputs.rs,runtime,5,84 86 102 142 420,retained-with-reason:durable-runtime-record-preserves-selected-behavior-id-as-opaque-reference
crates/gents/src/lifecycle/queue/coalescing.rs,runtime,4,133 135 136 139,retained-with-reason:durable-runtime-record-preserves-selected-behavior-id-as-opaque-reference
crates/gents/src/lifecycle/queue/enqueue.rs,runtime,2,51 56,retained-with-reason:durable-runtime-record-preserves-selected-behavior-id-as-opaque-reference
crates/gents/src/lifecycle/queue/goal_continuation.rs,runtime,3,45 78 118,retained-with-reason:durable-runtime-record-preserves-selected-behavior-id-as-opaque-reference
crates/gents/src/lifecycle/queue/mutation.rs,runtime,2,10 31,retained-with-reason:durable-runtime-record-preserves-selected-behavior-id-as-opaque-reference
crates/gents/src/lifecycle/queue/tests.rs,tests,9,29 69 113 151 200 334 353 357 375,retained-with-reason:test-fixture-uses-explicit-opaque-ids-to-cover-runtime-and-legacy-paths
crates/gents/src/lifecycle/queue/tests/background_completion.rs,tests,3,77 301 367,retained-with-reason:test-fixture-uses-explicit-opaque-ids-to-cover-runtime-and-legacy-paths
crates/gents/src/lifecycle/queue/tests/coalescing.rs,tests,1,53,retained-with-reason:test-fixture-uses-explicit-opaque-ids-to-cover-runtime-and-legacy-paths
crates/gents/src/lifecycle/recovery.rs,runtime,1,213,retained-with-reason:durable-runtime-record-preserves-selected-behavior-id-as-opaque-reference
crates/gents/src/llm/backend_client.rs,runtime,5,90 120 151 159 214,retained-with-reason:resolved-runtime-context-carries-selected-id-without-generating-names
crates/gents/src/log_rate.rs,runtime,1,102,retained-with-reason:runtime-plumbing-preserves-canonical-id-as-opaque-value
crates/gents/src/mailbox.rs,runtime,17,50 206 236 245 535 560 658 665 830 836 1024 1101 1223 1255 1282 1329 1338,retained-with-reason:runtime-plumbing-preserves-canonical-id-as-opaque-value
crates/gents/src/mailbox/notification.rs,runtime,4,133 145 147 166,retained-with-reason:runtime-plumbing-preserves-canonical-id-as-opaque-value
crates/gents/src/mailbox/notification_tests.rs,tests,5,105 224 292 303 344,retained-with-reason:test-fixture-uses-explicit-opaque-ids-to-cover-runtime-and-legacy-paths
crates/gents/src/oneshot.rs,runtime,7,16 51 93 167 181 244 261,retained-with-reason:runtime-plumbing-preserves-canonical-id-as-opaque-value
crates/gents/src/oneshot/tests.rs,tests,6,110 116 118 299 327 347,retained-with-reason:test-fixture-uses-explicit-opaque-ids-to-cover-runtime-and-legacy-paths
crates/gents/src/pack.rs,runtime,14,17 68 97 99 451 454 459 464 469 476 481 488 489 623,changed
crates/gents/src/pack/inference.rs,runtime,37,7 16 100 112 114 122 126 129 132 137 174 180 192 211 213 214 216 220 221 223 250 260 265 268 269 273 274 275 299 308 309 311 312 335 336 357 362,changed
crates/gents/src/pack/loader.rs,runtime,1,108,retained-with-reason:pack-loader-preserves-local-authoring-handles-until-install-rewrite
crates/gents/src/pack/loader/tests.rs,tests,9,60 61 62 98 120 130 142 181 182,retained-with-reason:test-fixture-uses-explicit-opaque-ids-to-cover-runtime-and-legacy-paths
crates/gents/src/pack/provenance.rs,runtime,13,10 13 18 25 30 127 140 161 165 205 230 234 237,changed
crates/gents/src/pack_archive.rs,runtime,5,337 369 489 514 564,retained-with-reason:pack-loader-preserves-local-authoring-handles-until-install-rewrite
crates/gents/src/plugin/tests.rs,tests,4,20 50 343 373,retained-with-reason:test-fixture-uses-explicit-opaque-ids-to-cover-runtime-and-legacy-paths
crates/gents/src/prompt.rs,runtime,6,72 80 86 96 164 195,retained-with-reason:resolved-runtime-context-carries-selected-id-without-generating-names
crates/gents/src/prompt/tests.rs,tests,3,5 6 127,retained-with-reason:test-fixture-uses-explicit-opaque-ids-to-cover-runtime-and-legacy-paths
crates/gents/src/provider_context_reduction.rs,runtime,6,758 1056 1095 1121 1186 1281,retained-with-reason:resolved-runtime-context-carries-selected-id-without-generating-names
crates/gents/src/rendered_request/mod.rs,runtime,6,112 144 221 290 436 873,retained-with-reason:durable-runtime-record-preserves-selected-behavior-id-as-opaque-reference
crates/gents/src/rendered_request/scope.rs,runtime,1,450,retained-with-reason:durable-runtime-record-preserves-selected-behavior-id-as-opaque-reference
crates/gents/src/rendered_request/sink.rs,runtime,4,70 136 156 390,retained-with-reason:durable-runtime-record-preserves-selected-behavior-id-as-opaque-reference
crates/gents/src/rendered_request/transport.rs,runtime,1,435,retained-with-reason:durable-runtime-record-preserves-selected-behavior-id-as-opaque-reference
crates/gents/src/request_admission.rs,runtime,56,150 169 280 282 290 293 300 321 434 484 573 619 625 627 644 688 714 787 793 794 795 814 823 833 836 839 848 852 860 901 903 922 967 972 974 985 987 990 992 1005 1019 1032 1068 1080 1174 1175 1177 1235 1308 1311 1447 1539 1660 1661 1662 1663,retained-with-reason:durable-runtime-record-preserves-selected-behavior-id-as-opaque-reference
crates/gents/src/request_binding.rs,runtime,1,81,retained-with-reason:durable-runtime-record-preserves-selected-behavior-id-as-opaque-reference
crates/gents/src/run_timeline.rs,runtime,15,61 102 165 242 298 620 702 899 1076 1294 1647 1659 1756 1786 1806,retained-with-reason:durable-runtime-record-preserves-selected-behavior-id-as-opaque-reference
crates/gents/src/run_timeline_fetch.rs,runtime,8,140 559 565 648 654 699 749 755,retained-with-reason:durable-runtime-record-preserves-selected-behavior-id-as-opaque-reference
crates/gents/src/run_timeline_fetch/context_loaders.rs,runtime,3,51 65 95,retained-with-reason:durable-runtime-record-preserves-selected-behavior-id-as-opaque-reference
crates/gents/src/run_timeline_fetch/event_loaders.rs,runtime,3,97 130 173,retained-with-reason:durable-runtime-record-preserves-selected-behavior-id-as-opaque-reference
crates/gents/src/run_timeline_fetch/request_loaders.rs,runtime,3,27 83 128,retained-with-reason:durable-runtime-record-preserves-selected-behavior-id-as-opaque-reference
crates/gents/src/runtime_snapshot.rs,runtime,55,87 211 228 231 238 242 243 244 245 246 247 249 250 251 257 260 264 272 278 287 296 299 341 345 372 390 410 433 434 449 450 453 455 460 467 469 471 472 475 484 488 501 518 535 538 539 540 542 545 553 555 558 582 584 587,retained-with-reason:runtime-plumbing-preserves-canonical-id-as-opaque-value
crates/gents/src/runtime_snapshot/tests.rs,tests,6,42 61 64 73 89 125,retained-with-reason:test-fixture-uses-explicit-opaque-ids-to-cover-runtime-and-legacy-paths
crates/gents/src/runtime_status.rs,runtime,2,190 191,retained-with-reason:runtime-plumbing-preserves-canonical-id-as-opaque-value
crates/gents/src/runtime_status/tests.rs,tests,9,47 51 66 402 447 488 506 564 582,retained-with-reason:test-fixture-uses-explicit-opaque-ids-to-cover-runtime-and-legacy-paths
crates/gents/src/runtime_trace.rs,runtime,3,14 33 100,retained-with-reason:runtime-plumbing-preserves-canonical-id-as-opaque-value
crates/gents/src/self_config/command.rs,runtime,75,45 46 260 262 320 336 392 398 399 400 467 473 476 486 493 494 504 507 508 519 524 527 528 542 554 561 569 588 589 611 645 647 654 655 792 805 814 815 891 893 897 898 1036 1144 1145 1153 1155 1171 1172 1173 1174 1178 1181 1230 1289 1311 1312 1392 1396 1445 1467 1475 1520 1521 1532 1533 1557 1569 1581 1640 1641 1664 1848 1852 2018,retained-with-reason:self-config-command-consumes-and-returns-canonical-ids
crates/gents/src/self_config/command/datastore.rs,runtime,7,59 69 70 71 92 96 101,retained-with-reason:self-config-command-consumes-and-returns-canonical-ids
crates/gents/src/self_config/command/skill.rs,runtime,1,56,retained-with-reason:self-config-command-consumes-and-returns-canonical-ids
crates/gents/src/self_config/mod.rs,runtime,135,29 104 118 136 141 150 152 154 155 157 159 178 181 184 187 188 190 192 195 198 210 236 242 249 251 263 265 269 272 370 378 390 474 500 502 503 512 543 555 567 586 592 598 658 673 681 684 687 692 694 713 718 723 727 730 737 742 743 744 751 754 764 780 781 796 802 804 807 811 814 865 871 883 887 888 892 896 897 898 903 906 928 929 930 931 963 964 966 967 973 996 1001 1005 1020 1027 1048 1049 1051 1056 1065 1076 1091 1092 1101 1103 1108 1109 1148 1149 1150 1174 1175 1176 1177 1184 1210 1299 1304 1305 1379 1405 1457 1463 1477 1479 1486 1496 1535 1561 1563 1568 1576 1590 2057 2063,changed
crates/gents/src/self_config/ops.rs,runtime,34,42 43 60 83 87 93 94 109 110 130 131 152 158 165 168 169 172 173 180 189 194 220 278 313 322 323 330 335 336 343 349 350 357 424,retained-with-reason:self-config-command-consumes-and-returns-canonical-ids
crates/gents/src/self_config/read.rs,runtime,10,41 42 44 45 46 115 175 176 213 254,retained-with-reason:self-config-command-consumes-and-returns-canonical-ids
crates/gents/src/self_config/tests.rs,tests,74,11 290 325 346 348 350 422 423 424 435 444 445 446 461 462 463 477 558 596 597 598 609 610 611 682 712 726 1623 1637 1647 1740 1793 1822 1825 1830 1880 2015 2094 2101 2119 2128 2251 2254 2259 2260 2276 2284 2285 2292 2309 2420 2501 2574 2593 2620 2646 2694 2701 2703 2709 2747 2748 2771 2789 2814 2817 2846 2852 2865 2878 2948 2955 2956 2972,retained-with-reason:test-fixture-uses-explicit-opaque-ids-to-cover-runtime-and-legacy-paths
crates/gents/src/session.rs,runtime,3,49 57 58,retained-with-reason:durable-runtime-record-preserves-selected-behavior-id-as-opaque-reference
crates/gents/src/session/control.rs,runtime,2,59 83,retained-with-reason:durable-runtime-record-preserves-selected-behavior-id-as-opaque-reference
crates/gents/src/session/fork.rs,runtime,5,26 298 513 516 604,retained-with-reason:durable-runtime-record-preserves-selected-behavior-id-as-opaque-reference
crates/gents/src/session/observations.rs,runtime,12,17 118 155 156 158 222 326 363 364 603 633 689,retained-with-reason:durable-runtime-record-preserves-selected-behavior-id-as-opaque-reference
crates/gents/src/session/query.rs,runtime,5,9 21 228 237 260,retained-with-reason:durable-runtime-record-preserves-selected-behavior-id-as-opaque-reference
crates/gents/src/session/sessions.rs,runtime,22,13 17 22 25 30 38 43 53 69 74 77 82 100 112 113 173 174 175 184 211 222 325,retained-with-reason:durable-runtime-record-preserves-selected-behavior-id-as-opaque-reference
crates/gents/src/session/tests.rs,tests,7,401 424 484 515 523 533 538,retained-with-reason:test-fixture-uses-explicit-opaque-ids-to-cover-runtime-and-legacy-paths
crates/gents/src/session/user_title_tests.rs,tests,3,13 112 217,retained-with-reason:test-fixture-uses-explicit-opaque-ids-to-cover-runtime-and-legacy-paths
crates/gents/src/starter_recipes/mod.rs,runtime,13,209 269 273 287 304 333 339 345 364 391 398 419 421,changed
crates/gents/src/starter_recipes/tests.rs,tests,3,156 187 220,retained-with-reason:test-fixture-uses-explicit-opaque-ids-to-cover-runtime-and-legacy-paths
crates/gents/src/startup_readiness.rs,runtime,1,27,retained-with-reason:runtime-resolution-consumes-principal-scoped-exact-behavior-ids
crates/gents/src/streaming.rs,runtime,6,112 121 390 414 423 464,retained-with-reason:runtime-plumbing-preserves-canonical-id-as-opaque-value
crates/gents/src/streaming/tests.rs,tests,1,139,retained-with-reason:test-fixture-uses-explicit-opaque-ids-to-cover-runtime-and-legacy-paths
crates/gents/src/subagent_tree.rs,runtime,4,53 206 268 295,retained-with-reason:runtime-plumbing-preserves-canonical-id-as-opaque-value
crates/gents/src/subagent_tree/tests.rs,tests,9,71 89 98 153 165 298 303 311 358,retained-with-reason:test-fixture-uses-explicit-opaque-ids-to-cover-runtime-and-legacy-paths
crates/gents/src/template/catalog.rs,runtime,1,23,retained-with-reason:runtime-plumbing-preserves-canonical-id-as-opaque-value
crates/gents/src/template/mod.rs,runtime,2,93 97,retained-with-reason:runtime-plumbing-preserves-canonical-id-as-opaque-value
crates/gents/src/tool_call_lifecycle/query/cascade_scope_tests.rs,tests,2,30 37,retained-with-reason:test-fixture-uses-explicit-opaque-ids-to-cover-runtime-and-legacy-paths
crates/gents/src/tool_call_lifecycle/recovery.rs,runtime,7,160 617 633 972 1045 1874 1924,retained-with-reason:resolved-runtime-context-carries-selected-id-without-generating-names
crates/gents/src/tool_call_lifecycle/runtime.rs,runtime,10,214 233 241 267 278 290 368 410 452 519,retained-with-reason:resolved-runtime-context-carries-selected-id-without-generating-names
crates/gents/src/tool_call_lifecycle/subagent_request.rs,runtime,15,54 68 122 133 155 167 191 203 225 238 258 354 511 569 612,retained-with-reason:resolved-runtime-context-carries-selected-id-without-generating-names
crates/gents/src/tool_surface/behavior_config.rs,runtime,8,311 343 350 574 596 602 617 623,retained-with-reason:resolved-runtime-context-carries-selected-id-without-generating-names
crates/gents/src/tool_surface/build.rs,runtime,6,10 26 44 65 134 326,retained-with-reason:resolved-runtime-context-carries-selected-id-without-generating-names
crates/gents/src/tool_surface/document_explanation_tests.rs,tests,2,10 14,retained-with-reason:test-fixture-uses-explicit-opaque-ids-to-cover-runtime-and-legacy-paths
crates/gents/src/tool_surface/explain.rs,runtime,16,53 114 120 129 135 147 152 159 166 235 287 313 332 344 371 528,retained-with-reason:resolved-runtime-context-carries-selected-id-without-generating-names
crates/gents/src/tool_surface/mod.rs,runtime,3,74 185 189,retained-with-reason:resolved-runtime-context-carries-selected-id-without-generating-names
crates/gents/src/tool_surface/policy.rs,runtime,1,760,retained-with-reason:resolved-runtime-context-carries-selected-id-without-generating-names
crates/gents/src/tool_surface/selection.rs,runtime,1,93,retained-with-reason:resolved-runtime-context-carries-selected-id-without-generating-names
crates/gents/src/tool_surface/tests.rs,tests,7,1614 1664 1680 1892 1915 1919 1997,retained-with-reason:test-fixture-uses-explicit-opaque-ids-to-cover-runtime-and-legacy-paths
crates/gents/src/toolset.rs,runtime,4,193 194 391 396,retained-with-reason:resolved-runtime-context-carries-selected-id-without-generating-names
crates/gents/src/toolset/context_budget.rs,runtime,13,65 73 227 228 231 232 298 300 307 308 405 411 413,retained-with-reason:resolved-runtime-context-carries-selected-id-without-generating-names
crates/gents/src/toolset/edit_match.rs,runtime,1,182,retained-with-reason:resolved-runtime-context-carries-selected-id-without-generating-names
crates/gents/src/toolset/lsp/actions.rs,runtime,2,66 76,retained-with-reason:resolved-runtime-context-carries-selected-id-without-generating-names
crates/gents/src/toolset/lsp/mod.rs,runtime,2,75 340,retained-with-reason:resolved-runtime-context-carries-selected-id-without-generating-names
crates/gents/src/toolset/lsp/pool.rs,runtime,8,23 433 439 462 471 539 547 574,retained-with-reason:resolved-runtime-context-carries-selected-id-without-generating-names
crates/gents/src/toolset/lsp/tests.rs,tests,15,94 472 847 998 1039 1114 1171 1246 1325 1371 1454 2020 2099 2335 2392,retained-with-reason:test-fixture-uses-explicit-opaque-ids-to-cover-runtime-and-legacy-paths
crates/gents/src/toolset/lsp/writethrough.rs,runtime,1,141,retained-with-reason:resolved-runtime-context-carries-selected-id-without-generating-names
crates/gents/src/toolset/session_history.rs,runtime,46,49 370 450 452 454 460 462 468 478 698 757 758 759 762 763 766 771 817 818 823 826 827 831 834 835 839 842 843 847 1105 1202 1426 1434 1442 1444 1449 1451 1452 1460 1470 1480 1490 1500 1510 1756 2072,retained-with-reason:durable-runtime-record-preserves-selected-behavior-id-as-opaque-reference
crates/gents/src/toolset/tests.rs,tests,1,340,retained-with-reason:test-fixture-uses-explicit-opaque-ids-to-cover-runtime-and-legacy-paths
crates/gents/src/trace_export.rs,runtime,2,91 101,retained-with-reason:runtime-plumbing-preserves-canonical-id-as-opaque-value
crates/gents/src/trigger_engine/cross_deployment_cancel_mirror.rs,runtime,2,445 499,retained-with-reason:durable-runtime-record-preserves-selected-behavior-id-as-opaque-reference
crates/gents/src/trigger_engine/event_delivery.rs,runtime,1,560,retained-with-reason:durable-runtime-record-preserves-selected-behavior-id-as-opaque-reference
crates/gents/src/trigger_engine/event_source.rs,runtime,3,889 928 1170,retained-with-reason:durable-runtime-record-preserves-selected-behavior-id-as-opaque-reference
crates/gents/src/trigger_engine/goal_source.rs,runtime,1,520,retained-with-reason:durable-runtime-record-preserves-selected-behavior-id-as-opaque-reference
crates/gents/src/trigger_engine/mod.rs,runtime,4,342 394 398 401,retained-with-reason:durable-runtime-record-preserves-selected-behavior-id-as-opaque-reference
crates/gents/src/trigger_engine/production_materializer.rs,runtime,9,55 57 59 69 73 475 535 540 547,retained-with-reason:durable-runtime-record-preserves-selected-behavior-id-as-opaque-reference
crates/gents/src/trigger_engine/schedule_source.rs,runtime,1,69,retained-with-reason:durable-runtime-record-preserves-selected-behavior-id-as-opaque-reference
crates/gents/src/trigger_engine/subagent_source.rs,runtime,13,133 653 662 673 674 675 733 744 749 849 866 973 975,retained-with-reason:durable-runtime-record-preserves-selected-behavior-id-as-opaque-reference
crates/gents/src/trigger_engine/tests/manual_source.rs,tests,4,3 7 115 224,retained-with-reason:test-fixture-uses-explicit-opaque-ids-to-cover-runtime-and-legacy-paths
crates/gents/src/trigger_engine/tests/mod.rs,tests,6,76 447 580 586 615 623,retained-with-reason:test-fixture-uses-explicit-opaque-ids-to-cover-runtime-and-legacy-paths
crates/gents/src/trigger_engine/tests/production_materializer.rs,tests,7,25 218 288 302 349 581 905,retained-with-reason:test-fixture-uses-explicit-opaque-ids-to-cover-runtime-and-legacy-paths
crates/gents/src/trigger_engine/tests/schedule_source.rs,tests,5,208 294 551 731 818,retained-with-reason:test-fixture-uses-explicit-opaque-ids-to-cover-runtime-and-legacy-paths
crates/gents/src/watcher.rs,runtime,6,29 87 88 89 138 139,retained-with-reason:runtime-plumbing-preserves-canonical-id-as-opaque-value
crates/gents/src/watcher/query.rs,runtime,2,16 411,retained-with-reason:runtime-plumbing-preserves-canonical-id-as-opaque-value
crates/gents/src/watcher/tests.rs,tests,5,291 355 417 838 891,retained-with-reason:test-fixture-uses-explicit-opaque-ids-to-cover-runtime-and-legacy-paths
crates/gents/src/workspace/adapter.rs,runtime,2,182 643,retained-with-reason:resolved-runtime-context-carries-selected-id-without-generating-names
crates/gents/src/workspace/artifact.rs,runtime,2,90 93,retained-with-reason:resolved-runtime-context-carries-selected-id-without-generating-names
crates/gents/src/xai_grok_oauth.rs,runtime,1,718,retained-with-reason:runtime-plumbing-preserves-canonical-id-as-opaque-value
crates/gents/tests/configurator_evals/cases.rs,evals,39,13 16 17 20 22 24 27 29 32 48 53 70 73 78 190 191 221 228 237 358 360 362 363 365 424 428 558 563 566 578 582 584 586 589 620 634 653 730 748,retained-with-reason:eval-harness-consumes-returned-ids-and-independent-display-names
crates/gents/tests/configurator_evals/onboarding_scenarios.rs,evals,64,31 32 119 125 131 138 146 155 213 226 227 229 235 481 547 556 703 723 741 752 753 755 765 769 803 804 805 806 807 808 812 813 814 816 817 839 846 852 859 867 888 894 905 907 908 914 1052 1071 1110 1124 1125 1159 1179 1194 1214 1224 1225 1231 1238 1241 1279 1281 1284 1296,changed
crates/gents/tests/configurator_evals/reporting.rs,evals,3,66 105 138,retained-with-reason:eval-harness-consumes-returned-ids-and-independent-display-names
crates/gents/tests/configurator_evals/runner.rs,evals,63,296 299 300 303 305 308 309 314 316 325 332 335 379 384 390 393 395 399 405 409 494 503 508 511 512 515 520 536 542 544 549 557 563 566 569 570 572 577 585 590 609 616 617 622 623 624 627 648 656 657 659 660 693 706 710 738 750 763 785 793 826 833 877,changed
crates/gents/tests/configurator_evals/stages.rs,evals,6,61 79 327 616 681 938,retained-with-reason:eval-harness-consumes-returned-ids-and-independent-display-names
crates/gents/tests/conformance.rs,tests,10,55 249 253 277 318 331 335 359 474 475,retained-with-reason:test-fixture-uses-explicit-opaque-ids-to-cover-runtime-and-legacy-paths
crates/gents/tests/conformance/background.rs,tests,7,153 154 211 220 361 2046 2168,retained-with-reason:test-fixture-uses-explicit-opaque-ids-to-cover-runtime-and-legacy-paths
crates/gents/tests/conformance/cancel_propagation.rs,tests,14,14 79 80 159 178 197 337 345 377 409 457 695 705 725,retained-with-reason:test-fixture-uses-explicit-opaque-ids-to-cover-runtime-and-legacy-paths
crates/gents/tests/conformance/client_runtime.rs,tests,3,44 49 66,retained-with-reason:test-fixture-uses-explicit-opaque-ids-to-cover-runtime-and-legacy-paths
crates/gents/tests/conformance/codex_shim.rs,tests,2,309 329,retained-with-reason:test-fixture-uses-explicit-opaque-ids-to-cover-runtime-and-legacy-paths
crates/gents/tests/conformance/compaction_gate.rs,tests,2,241 403,retained-with-reason:test-fixture-uses-explicit-opaque-ids-to-cover-runtime-and-legacy-paths
crates/gents/tests/conformance/config_replication.rs,tests,28,42 45 46 57 58 60 61 63 65 67 68 69 92 161 162 163 164 167 168 169 222 224 225 226 227 228 229 230,changed
crates/gents/tests/conformance/coverage.rs,tests,3,131 240 684,changed
crates/gents/tests/conformance/directory_projection.rs,tests,17,12 17 24 30 33 39 73 81 82 87 91 106 124 126 127 147 153,retained-with-reason:test-fixture-uses-explicit-opaque-ids-to-cover-runtime-and-legacy-paths
crates/gents/tests/conformance/event_delivery.rs,tests,9,391 733 771 779 808 824 826 831 836,retained-with-reason:test-fixture-uses-explicit-opaque-ids-to-cover-runtime-and-legacy-paths
crates/gents/tests/conformance/goals.rs,tests,4,241 253 254 256,retained-with-reason:test-fixture-uses-explicit-opaque-ids-to-cover-runtime-and-legacy-paths
crates/gents/tests/conformance/inference_call.rs,tests,5,4 19 20 27 107,retained-with-reason:test-fixture-uses-explicit-opaque-ids-to-cover-runtime-and-legacy-paths
crates/gents/tests/conformance/interrupts_manual.rs,tests,3,72 752 1031,retained-with-reason:test-fixture-uses-explicit-opaque-ids-to-cover-runtime-and-legacy-paths
crates/gents/tests/conformance/mailbox.rs,tests,1,77,retained-with-reason:test-fixture-uses-explicit-opaque-ids-to-cover-runtime-and-legacy-paths
crates/gents/tests/conformance/persona_request.rs,tests,12,122 166 203 205 214 226 250 278 286 290 326 335,retained-with-reason:test-fixture-uses-explicit-opaque-ids-to-cover-runtime-and-legacy-paths
crates/gents/tests/conformance/prompt_assembly.rs,tests,2,839 842,retained-with-reason:test-fixture-uses-explicit-opaque-ids-to-cover-runtime-and-legacy-paths
crates/gents/tests/conformance/prompt_template.rs,tests,10,1 7 17 25 26 41 42 51 64 85,retained-with-reason:test-fixture-uses-explicit-opaque-ids-to-cover-runtime-and-legacy-paths
crates/gents/tests/conformance/r5_cross_principal.rs,tests,36,14 107 206 211 212 239 250 251 294 296 310 311 323 327 329 341 349 357 375 383 400 401 421 422 424 429 430 431 438 452 457 466 585 636 729 730,changed
crates/gents/tests/conformance/recovery_sweeps.rs,tests,3,833 942 1769,retained-with-reason:test-fixture-uses-explicit-opaque-ids-to-cover-runtime-and-legacy-paths
crates/gents/tests/conformance/rendered_capture.rs,tests,1,149,retained-with-reason:test-fixture-uses-explicit-opaque-ids-to-cover-runtime-and-legacy-paths
crates/gents/tests/conformance/replicated_request_convergence.rs,tests,2,137 207,retained-with-reason:test-fixture-uses-explicit-opaque-ids-to-cover-runtime-and-legacy-paths
crates/gents/tests/conformance/request_lifecycle.rs,tests,14,750 1285 1371 1399 1441 1494 2235 2351 2463 2571 2758 2776 2810 2811,retained-with-reason:test-fixture-uses-explicit-opaque-ids-to-cover-runtime-and-legacy-paths
crates/gents/tests/conformance/streaming_compaction.rs,tests,2,1027 1064,retained-with-reason:test-fixture-uses-explicit-opaque-ids-to-cover-runtime-and-legacy-paths
crates/gents/tests/conformance/subagent_source.rs,tests,116,13 30 54 66 67 88 95 103 119 132 139 141 143 150 151 171 211 219 229 230 241 408 416 418 448 449 482 490 492 538 546 548 578 592 596 604 606 636 648 649 661 669 671 713 714 726 734 736 781 1015 1023 1025 1072 1086 1087 1110 1122 1132 1175 1187 1189 1228 1234 1256 1257 1270 1288 1294 1316 1317 1330 1338 1347 1353 1375 1376 1389 1407 1413 1435 1436 1449 1534 1544 1564 1566 1603 1611 1613 1666 1676 1678 1722 1732 1734 1778 1791 1793 1879 2071 2077 2078 2080 2082 2098 2106 2108 2194 2248 2259 2275 2290 2292 2347 2359 2447,retained-with-reason:test-fixture-uses-explicit-opaque-ids-to-cover-runtime-and-legacy-paths
crates/gents/tests/conformance/tool_execution_subagent.rs,tests,1,46,retained-with-reason:test-fixture-uses-explicit-opaque-ids-to-cover-runtime-and-legacy-paths
crates/gents/tests/e2e_lifecycle/interruption_integration.rs,tests,10,35 402 411 419 421 423 444 447 451 509,retained-with-reason:test-fixture-uses-explicit-opaque-ids-to-cover-runtime-and-legacy-paths
crates/gents/tests/e2e_lifecycle/lifecycle_claim.rs,tests,5,217 223 283 296 314,retained-with-reason:test-fixture-uses-explicit-opaque-ids-to-cover-runtime-and-legacy-paths
crates/gents/tests/e2e_lifecycle/lifecycle_recovery.rs,tests,6,66 115 241 453 954 1025,retained-with-reason:test-fixture-uses-explicit-opaque-ids-to-cover-runtime-and-legacy-paths
crates/gents/tests/e2e_lifecycle/p2p_admission_backpressure_e2e.rs,tests,1,94,retained-with-reason:test-fixture-uses-explicit-opaque-ids-to-cover-runtime-and-legacy-paths
crates/gents/tests/e2e_lifecycle/replicated_request_convergence_p2p_e2e.rs,tests,1,163,retained-with-reason:test-fixture-uses-explicit-opaque-ids-to-cover-runtime-and-legacy-paths
crates/gents/tests/e2e_live/artifact_compiler_live.rs,tests,12,55 56 59 72 76 78 83 92 95 218 220 223,changed
crates/gents/tests/e2e_live/edit_file_live.rs,tests,4,96 101 104 139,retained-with-reason:test-fixture-uses-explicit-opaque-ids-to-cover-runtime-and-legacy-paths
crates/gents/tests/e2e_live/eth_tool_live.rs,tests,11,121 122 166 167 179 182 189 300 312 315 346,retained-with-reason:test-fixture-uses-explicit-opaque-ids-to-cover-runtime-and-legacy-paths
crates/gents/tests/e2e_live/eth_tool_write_live.rs,tests,5,598 652 655 686 731,retained-with-reason:test-fixture-uses-explicit-opaque-ids-to-cover-runtime-and-legacy-paths
crates/gents/tests/e2e_live/goal_continuation_live.rs,tests,2,70 92,retained-with-reason:test-fixture-uses-explicit-opaque-ids-to-cover-runtime-and-legacy-paths
crates/gents/tests/e2e_live/interrupt_live.rs,tests,1,131,retained-with-reason:test-fixture-uses-explicit-opaque-ids-to-cover-runtime-and-legacy-paths
crates/gents/tests/e2e_live/lsp_live.rs,tests,6,94 190 195 198 242 297,retained-with-reason:test-fixture-uses-explicit-opaque-ids-to-cover-runtime-and-legacy-paths
crates/gents/tests/e2e_live/mailbox_live.rs,tests,6,23 28 31 95 119 124,retained-with-reason:test-fixture-uses-explicit-opaque-ids-to-cover-runtime-and-legacy-paths
crates/gents/tests/e2e_live/p2p_admission_concurrent_live.rs,tests,12,35 195 196 197 201 207 211 212 246 247 465 488,retained-with-reason:test-fixture-uses-explicit-opaque-ids-to-cover-runtime-and-legacy-paths
crates/gents/tests/e2e_live/seed_live.rs,tests,26,24 58 60 61 69 80 92 157 158 167 171 176 177 179 180 185 190 191 195 196 197 200 201 204 209 218,changed
crates/gents/tests/e2e_live/steward_loop_live.rs,tests,2,24 34,retained-with-reason:test-fixture-uses-explicit-opaque-ids-to-cover-runtime-and-legacy-paths
crates/gents/tests/e2e_live/subagent_delegation_live.rs,tests,76,40 60 61 134 136 143 146 159 171 177 196 223 224 238 380 381 385 388 399 408 429 440 566 686 795 922 926 959 970 974 984 991 997 1048 1092 1095 1107 1119 1207 1219 1368 1370 1373 1378 1381 1387 1444 1448 1494 1497 1505 1508 1514 1519 1520 1525 1527 1529 1530 1550 1586 1590 1596 1613 1616 1639 1642 1647 1655 1658 1687 1694 1714 1775 2525 2534,changed
crates/gents/tests/e2e_runtime/completion_retry_tape.rs,tests,5,495 528 529 530 565,retained-with-reason:test-fixture-uses-explicit-opaque-ids-to-cover-runtime-and-legacy-paths
crates/gents/tests/e2e_runtime/defradb_time_travel.rs,tests,1,21,retained-with-reason:test-fixture-uses-explicit-opaque-ids-to-cover-runtime-and-legacy-paths
crates/gents/tests/e2e_runtime/document_config_bootstrap.rs,tests,12,22 25 26 29 30 33 42 45 48 54 147 168,retained-with-reason:test-fixture-uses-explicit-opaque-ids-to-cover-runtime-and-legacy-paths
crates/gents/tests/e2e_runtime/fork_invariants.rs,tests,24,159 260 387 504 601 783 941 1057 1094 1132 1146 1174 1220 1293 1380 1446 1515 1528 1559 1596 1667 1700 1795 1871,retained-with-reason:test-fixture-uses-explicit-opaque-ids-to-cover-runtime-and-legacy-paths
crates/gents/tests/e2e_runtime/rendered_request_capture.rs,tests,8,23 1583 1647 1840 1847 1874 1875 1876,retained-with-reason:test-fixture-uses-explicit-opaque-ids-to-cover-runtime-and-legacy-paths
crates/gents/tests/e2e_runtime/runtime_observability.rs,tests,11,50 142 161 184 192 195 198 199 203 206 255,retained-with-reason:test-fixture-uses-explicit-opaque-ids-to-cover-runtime-and-legacy-paths
crates/gents/tests/e2e_runtime/schedule_snapshot_reconcile.rs,tests,12,48 51 164 211 234 253 330 349 386 440 463 484,retained-with-reason:test-fixture-uses-explicit-opaque-ids-to-cover-runtime-and-legacy-paths
crates/gents/tests/e2e_runtime/self_config_tools.rs,tests,25,25 26 27 28 29 30 31 65 226 263 264 265 266 352 356 376 438 443 455 456 473 486 489 516 525,retained-with-reason:test-fixture-uses-explicit-opaque-ids-to-cover-runtime-and-legacy-paths
crates/gents/tests/e2e_subagent/r4_subagent_completion.rs,tests,21,77 102 103 109 115 126 131 132 137 141 142 148 152 153 222 242 253 481 495 566 575,changed
crates/gents/tests/e2e_subagent/r4_subagent_tools.rs,tests,14,137 140 145 146 161 254 263 379 409 440 553 562 649 665,retained-with-reason:test-fixture-uses-explicit-opaque-ids-to-cover-runtime-and-legacy-paths
crates/gents/tests/e2e_subagent/r4_subagent_tools_cases/background_cancel.rs,tests,7,36 55 80 139 143 144 170,retained-with-reason:test-fixture-uses-explicit-opaque-ids-to-cover-runtime-and-legacy-paths
crates/gents/tests/e2e_subagent/r4_subagent_tools_cases/cancel_subagent.rs,tests,1,360,retained-with-reason:test-fixture-uses-explicit-opaque-ids-to-cover-runtime-and-legacy-paths
crates/gents/tests/e2e_subagent/r4_subagent_tools_cases/spawn_validation.rs,tests,2,45 52,retained-with-reason:test-fixture-uses-explicit-opaque-ids-to-cover-runtime-and-legacy-paths
crates/gents/tests/e2e_subagent/r4_subagent_tools_cases/wait_subagent.rs,tests,2,298 373,retained-with-reason:test-fixture-uses-explicit-opaque-ids-to-cover-runtime-and-legacy-paths
crates/gents/tests/e2e_subagent/r4c_list_subagents.rs,tests,6,108 117 275 287 339 392,retained-with-reason:test-fixture-uses-explicit-opaque-ids-to-cover-runtime-and-legacy-paths
crates/gents/tests/e2e_subagent/r4c_read_subagent_transcript.rs,tests,2,108 117,retained-with-reason:test-fixture-uses-explicit-opaque-ids-to-cover-runtime-and-legacy-paths
crates/gents/tests/e2e_subagent/r4c_steer_subagent.rs,tests,6,122 131 242 310 325 426,retained-with-reason:test-fixture-uses-explicit-opaque-ids-to-cover-runtime-and-legacy-paths
crates/gents/tests/e2e_subagent/subagent_convergence.rs,tests,28,14 29 35 46 50 54 56 75 82 95 185 195 197 225 226 257 258 278 291 307 334 357 436 500 510 512 539 540,retained-with-reason:test-fixture-uses-explicit-opaque-ids-to-cover-runtime-and-legacy-paths
crates/gents/tests/e2e_subagent/subagent_enablement_e2e.rs,tests,19,9 23 29 40 44 48 50 69 76 89 120 130 132 163 164 165 198 199 200,retained-with-reason:test-fixture-uses-explicit-opaque-ids-to-cover-runtime-and-legacy-paths
crates/gents/tests/e2e_triggers/app_collection_pairing_p2p_e2e.rs,tests,8,50 55 63 662 1022 1026 1034 1041,retained-with-reason:test-fixture-uses-explicit-opaque-ids-to-cover-runtime-and-legacy-paths
crates/gents/tests/e2e_triggers/event_source_trigger_e2e.rs,tests,5,67 72 80 334 357,retained-with-reason:test-fixture-uses-explicit-opaque-ids-to-cover-runtime-and-legacy-paths
crates/gents/tests/e2e_triggers/event_source_trigger_p2p_e2e.rs,tests,5,71 76 84 411 427,retained-with-reason:test-fixture-uses-explicit-opaque-ids-to-cover-runtime-and-legacy-paths
crates/gents/tests/e2e_triggers/write_tool_trigger_e2e.rs,tests,5,67 73 129 295 316,retained-with-reason:test-fixture-uses-explicit-opaque-ids-to-cover-runtime-and-legacy-paths
crates/gents/tests/fixtures/adapter_projections/contracts/langgraph_state_history.schema.json,tests,2,55 444,retained-with-reason:external-format-schema-allows-arbitrary-retained-ids
crates/gents/tests/fixtures/adapter_projections/contracts/multi_agent_task.schema.json,tests,4,15 39 151 502,retained-with-reason:external-format-schema-allows-arbitrary-retained-ids
crates/gents/tests/fixtures/adapter_projections/contracts/openai_codex_run_trace.schema.json,tests,2,37 571,retained-with-reason:external-format-schema-allows-arbitrary-retained-ids
crates/gents/tests/fixtures/adapter_projections/envelopes/atif_trajectory.envelope.json,tests,2,8 95,retained-with-reason:adapter-fixture-preserves-external-retained-id
crates/gents/tests/fixtures/adapter_projections/envelopes/langgraph_state_history.envelope.json,tests,2,67 88,retained-with-reason:adapter-fixture-preserves-external-retained-id
crates/gents/tests/fixtures/adapter_projections/envelopes/multi_agent_task.envelope.json,tests,5,5 9 33 38 67,retained-with-reason:adapter-fixture-preserves-external-retained-id
crates/gents/tests/fixtures/adapter_projections/envelopes/openai_codex_run_trace.envelope.json,tests,1,61,retained-with-reason:adapter-fixture-preserves-external-retained-id
crates/gents/tests/fixtures/configurator_evals/README.md,evals,13,7 18 20 22 95 106 127 200 226 303 357 391 489,retained-with-reason:eval-input-specifies-user-display-names-and-source-profile-selectors
crates/gents/tests/fixtures/configurator_evals/document_automation.md,evals,4,1 4 11 13,retained-with-reason:eval-input-specifies-user-display-names-and-source-profile-selectors
crates/gents/tests/fixtures/configurator_evals/improve_pagoda.md,evals,1,6,retained-with-reason:eval-input-specifies-user-display-names-and-source-profile-selectors
crates/gents/tests/fixtures/configurator_evals/onboarding/README.md,evals,13,14 63 82 110 117 120 122 124 127 132 134 137 139,retained-with-reason:eval-input-specifies-user-display-names-and-source-profile-selectors
crates/gents/tests/fixtures/configurator_evals/onboarding/change_default.md,evals,1,1,retained-with-reason:eval-input-specifies-user-display-names-and-source-profile-selectors
crates/gents/tests/fixtures/configurator_evals/onboarding/fresh_setup.md,evals,2,3 7,retained-with-reason:eval-input-specifies-user-display-names-and-source-profile-selectors
crates/gents/tests/fixtures/configurator_evals/onboarding/monitor_mailbox.md,evals,1,1,retained-with-reason:eval-input-specifies-user-display-names-and-source-profile-selectors
crates/gents/tests/fixtures/configurator_evals/onboarding/monitor_mailbox_approve.md,evals,1,1,retained-with-reason:eval-input-specifies-user-display-names-and-source-profile-selectors
crates/gents/tests/fixtures/configurator_evals/onboarding/multi_provider_documents.json,evals,4,37 46 50 55,retained-with-reason:eval-input-specifies-user-display-names-and-source-profile-selectors
crates/gents/tests/fixtures/configurator_evals/onboarding/pending_cases.json,evals,2,10 15,retained-with-reason:eval-input-specifies-user-display-names-and-source-profile-selectors
crates/gents/tests/fixtures/configurator_evals/onboarding/recovery.md,evals,1,3,retained-with-reason:eval-input-specifies-user-display-names-and-source-profile-selectors
crates/gents/tests/fixtures/configurator_evals/onboarding/reentry.md,evals,1,3,retained-with-reason:eval-input-specifies-user-display-names-and-source-profile-selectors
crates/gents/tests/fixtures/configurator_evals/onboarding/rejected_authority.md,evals,1,1,retained-with-reason:eval-input-specifies-user-display-names-and-source-profile-selectors
crates/gents/tests/fixtures/configurator_evals/skill_approve.md,evals,1,1,retained-with-reason:eval-input-specifies-user-display-names-and-source-profile-selectors
crates/gents/tests/fixtures/configurator_evals/skill_setup.md,evals,1,1,retained-with-reason:eval-input-specifies-user-display-names-and-source-profile-selectors
crates/gents/tests/fixtures/configurator_evals/software_team_and_code_review.md,evals,4,3 4 6 7,retained-with-reason:eval-input-specifies-user-display-names-and-source-profile-selectors
crates/gents/tests/fixtures/configurator_evals/tool_surface_audit.md,evals,5,5 14 23 41 45,retained-with-reason:eval-input-specifies-user-display-names-and-source-profile-selectors
crates/gents/tests/fixtures/r5_scenarios/a_crash_mid_wait.json,tests,6,21 30 52 99 108 130,retained-with-reason:legacy-protocol-fixture-not-new-authoring
crates/gents/tests/fixtures/r5_scenarios/b_crash_mid_execution.json,tests,3,21 30 52,retained-with-reason:legacy-protocol-fixture-not-new-authoring
crates/gents/tests/fixtures/r5_scenarios/happy_path.json,tests,3,21 30 52,retained-with-reason:legacy-protocol-fixture-not-new-authoring
crates/gents/tests/fixtures/r5_scenarios/multi_completion_coalesce.json,tests,5,21 30 39 68 78,retained-with-reason:legacy-protocol-fixture-not-new-authoring
crates/gents/tests/fixtures/r5_scenarios/partition_during_cancel.json,tests,3,21 30 52,retained-with-reason:legacy-protocol-fixture-not-new-authoring
crates/gents/tests/misc/backend_auth_startup.rs,tests,2,99 126,retained-with-reason:test-fixture-uses-explicit-opaque-ids-to-cover-runtime-and-legacy-paths
crates/gents/tests/misc/descendant_graph.rs,tests,10,19 21 29 38 47 76 146 209 492 510,retained-with-reason:test-fixture-uses-explicit-opaque-ids-to-cover-runtime-and-legacy-paths
crates/gents/tests/misc/goal_controller.rs,tests,12,32 145 165 406 516 1403 1425 1567 1977 2053 2384 2645,retained-with-reason:test-fixture-uses-explicit-opaque-ids-to-cover-runtime-and-legacy-paths
crates/gents/tests/misc/oneshot_admission_exemption.rs,tests,1,40,retained-with-reason:test-fixture-uses-explicit-opaque-ids-to-cover-runtime-and-legacy-paths
crates/gents/tests/misc/startup_readiness_barrier.rs,tests,11,28 78 85 99 130 205 228 237 332 351 357,retained-with-reason:test-fixture-uses-explicit-opaque-ids-to-cover-runtime-and-legacy-paths
crates/gents/tests/support/conformance_consumers.rs,tests,2,388 392,retained-with-reason:test-fixture-uses-explicit-opaque-ids-to-cover-runtime-and-legacy-paths
crates/gents/tests/support/fixtures.rs,tests,66,32 33 38 39 47 48 52 53 57 62 67 103 108 133 136 139 174 175 191 196 198 200 201 211 216 226 238 245 246 248 249 254 259 260 264 266 271 286 332 349 351 353 354 356 357 362 367 368 372 376 407 414 435 443 454 476 478 479 480 482 488 492 495 496 499 505,changed
crates/gents/tests/support/interrupt.rs,tests,11,102 110 123 132 145 154 167 174 181 209 219,retained-with-reason:test-fixture-uses-explicit-opaque-ids-to-cover-runtime-and-legacy-paths
crates/gents/tests/support/live_inference.rs,tests,10,13 81 82 83 87 93 97 98 106 107,retained-with-reason:test-fixture-uses-explicit-opaque-ids-to-cover-runtime-and-legacy-paths
crates/gents/tests/support/mod.rs,tests,22,111 178 319 416 472 493 494 517 613 725 732 745 750 757 760 767 772 972 975 977 982 983,retained-with-reason:test-fixture-uses-explicit-opaque-ids-to-cover-runtime-and-legacy-paths
crates/gents/tests/support/r5_conformance/runner.rs,tests,55,150 164 176 184 404 421 435 465 485 501 516 603 609 643 747 774 778 779 780 781 788 789 790 796 801 805 810 811 813 815 816 819 820 840 846 851 852 856 858 860 862 863 872 879 887 888 904 986 1086 1318 1328 1347 1444 1459 1480,changed
crates/gents/tests/support/r5_conformance/scenario.rs,tests,2,24 31,retained-with-reason:test-fixture-uses-explicit-opaque-ids-to-cover-runtime-and-legacy-paths
crates/gents/tests/support/snapshots.rs,tests,10,12 31 63 71 80 96 118 238 325 373,retained-with-reason:test-fixture-uses-explicit-opaque-ids-to-cover-runtime-and-legacy-paths
packages/gents-desktop-client/src/api/adapter.ts,ui-and-client,3,30 226 227,changed
packages/gents-desktop-client/src/api/types.ts,ui-and-client,2,9 211,changed
packages/gents-desktop-client/src/generated/AgentBehavior.ts,generated-clients,4,5 14 19 25,generated-from:crates/gents/src/document_config/behavior.rs
packages/gents-desktop-client/src/generated/AgentContext.ts,generated-clients,3,14 23 28,generated-from:crates/gents/src/document_config/context.rs
packages/gents-desktop-client/src/generated/AgentPrincipal.ts,generated-clients,1,7,generated-from:crates/gents/src/document_config/principal.rs
packages/gents-desktop-client/src/generated/CompactionConfig.ts,generated-clients,2,16 49,generated-from:crates/gents/src/document_config/compaction.rs
packages/gents-desktop-client/src/generated/ConfigComponentPatch.ts,generated-clients,1,3,generated-from:crates/gents/src/config_client/patch.rs
packages/gents-desktop-client/src/generated/InferenceExecution.ts,generated-clients,2,7 29,generated-from:crates/gents/src/document_config/inference_execution.rs
packages/gents-desktop-client/src/generated/InferenceProfile.ts,generated-clients,4,8 10 37 41,generated-from:crates/gents/src/document_config/inference_profile.rs
packages/gents-desktop-client/src/generated/InferenceRetryPolicy.ts,generated-clients,1,7,generated-from:crates/gents/src/document_config/inference_execution.rs
packages/gents-desktop-client/src/generated/InferenceSampling.ts,generated-clients,1,7,generated-from:crates/gents/src/document_config/inference_sampling.rs
packages/gents-desktop-client/src/generated/InferenceSetupCatalog.ts,generated-clients,1,4,generated-from:crates/gents/src/inference_setup.rs
packages/gents-desktop-client/src/generated/ProjectionAcpBinding.ts,generated-clients,1,6,generated-from:crates/gents/src/document_config/installation.rs
packages/gents-desktop-client/src/generated/SubagentTargetDocument.ts,generated-clients,1,16,generated-from:crates/gents/src/document_config/subagent_target.rs
packages/gents-desktop-client/src/generated/Task.ts,generated-clients,1,11,generated-from:crates/gents/src/document_config/task.rs
packages/gents-desktop-client/src/generated/Tools.ts,generated-clients,1,15,generated-from:crates/gents/src/document_config/tools.rs
packages/gents-desktop-client/src/types.ts,ui-and-client,1,153,changed
packages/gents-desktop-client/src/types/session.ts,ui-and-client,1,31,retained-with-reason:client-contract-transports-canonical-ids-without-generating-them
packages/gents-desktop-fleet/README.md,ui-and-client,4,11 20 25 26,retained-with-reason:provider-setup-ui-manages-shared-backend-and-source-profile-ids
packages/gents-desktop-fleet/src/InferenceSetupWizard.tsx,ui-and-client,6,3 4 5 7 9 10,retained-with-reason:provider-setup-ui-manages-shared-backend-and-source-profile-ids
packages/gents-desktop-fleet/src/components/FleetDashboard.tsx,ui-and-client,17,11 34 35 59 60 68 84 93 145 147 152 160 212 247 248 256 257,retained-with-reason:provider-setup-ui-manages-shared-backend-and-source-profile-ids
packages/gents-desktop-fleet/src/components/FleetRow.tsx,ui-and-client,11,23 36 47 71 82 83 212 213 217 221 224,retained-with-reason:provider-setup-ui-manages-shared-backend-and-source-profile-ids
packages/gents-desktop-fleet/src/fleetMetrics.ts,ui-and-client,2,80 95,retained-with-reason:provider-setup-ui-manages-shared-backend-and-source-profile-ids
packages/gents-desktop-fleet/src/inference/InferenceWizardContent.tsx,ui-and-client,4,9 16 56 81,retained-with-reason:provider-setup-ui-manages-shared-backend-and-source-profile-ids
packages/gents-desktop-fleet/src/inference/persistBackend.test.ts,ui-and-client,1,22,retained-with-reason:provider-setup-ui-manages-shared-backend-and-source-profile-ids
packages/gents-desktop-fleet/src/inference/persistBackend.ts,ui-and-client,1,52,retained-with-reason:provider-setup-ui-manages-shared-backend-and-source-profile-ids
packages/gents-desktop-fleet/src/inference/resolveTargets.ts,ui-and-client,2,11 24,retained-with-reason:provider-setup-ui-manages-shared-backend-and-source-profile-ids
packages/gents-desktop-fleet/src/inference/types.ts,ui-and-client,1,9,retained-with-reason:provider-setup-ui-manages-shared-backend-and-source-profile-ids
packages/gents-desktop-fleet/src/inference/useInferenceSetup.ts,ui-and-client,5,29 31 33 44 313,retained-with-reason:provider-setup-ui-manages-shared-backend-and-source-profile-ids
packages/gents-desktop-fleet/src/local-runtime.ts,ui-and-client,1,1,retained-with-reason:provider-setup-ui-manages-shared-backend-and-source-profile-ids
packs/README.md,packs,4,154 158 203 216,changed
packs/background_continuation/manifest.json,packs,1,24,retained-with-reason:slot-membership-uses-pack-local-role-rewritten-at-install
packs/background_continuation/pack_config.json,packs,14,5 7 8 11 13 14 19 22 25 28 33 45 53 62,retained-with-reason:pack-local-source-ids-materialized-at-install
packs/code_review/README.md,packs,6,12 13 14 16 17 18,changed
packs/code_review/manifest.json,packs,1,50,retained-with-reason:slot-membership-uses-pack-local-role-rewritten-at-install
packs/code_review/pack_config.json,packs,33,5 8 9 12 15 16 19 22 23 26 29 30 35 37 38 41 43 44 47 49 50 53 55 56 61 67 73 79 94 331 339 347 355,retained-with-reason:pack-local-source-ids-materialized-at-install
packs/defending_code/manifest.json,packs,1,70,retained-with-reason:slot-membership-uses-pack-local-role-rewritten-at-install
packs/defending_code/pack_config.json,packs,129,5 8 9 12 15 16 19 22 23 26 29 30 33 36 37 40 43 44 47 50 51 54 57 58 61 64 65 68 71 72 75 78 79 82 85 86 89 92 93 96 99 100 103 106 107 110 113 114 119 122 123 126 129 130 133 136 137 140 143 144 147 150 151 154 157 158 161 164 165 168 171 172 175 178 179 182 185 186 189 192 193 196 199 200 203 206 207 210 213 214 217 220 221 224 227 228 233 241 253 282 300 329 358 370 399 428 457 469 481 510 539 551 563 3913 3920 3926 3932 3939 3945 3951 3958 3964 3971 3977 3983 3989 3995 4002 4009,retained-with-reason:pack-local-source-ids-materialized-at-install
packs/grok_tui_port/manifest.json,packs,1,78,retained-with-reason:slot-membership-uses-pack-local-role-rewritten-at-install
packs/grok_tui_port/pack_config.json,packs,121,5 8 9 12 15 16 19 22 23 26 29 30 33 36 37 40 43 44 47 50 51 54 57 58 61 64 65 68 71 72 75 78 79 82 85 86 89 92 93 96 99 100 103 106 107 112 115 116 119 122 123 126 129 130 133 136 137 140 143 144 147 150 151 154 157 158 161 164 165 168 171 172 175 178 179 182 185 186 189 192 193 196 199 200 203 206 207 210 213 214 219 227 257 287 316 329 337 350 381 385 398 411 436 449 468 481 535 2414 2422 2430 2439 2447 2455 2463 2471 2479 2487 2495 2503 2512 2520,retained-with-reason:pack-local-source-ids-materialized-at-install
packs/lsp_rust/manifest.json,packs,1,26,retained-with-reason:slot-membership-uses-pack-local-role-rewritten-at-install
packs/lsp_rust/pack_config.json,packs,7,5 7 8 13 16 21 40,retained-with-reason:pack-local-source-ids-materialized-at-install
packs/pipeline/manifest.json,packs,1,26,retained-with-reason:slot-membership-uses-pack-local-role-rewritten-at-install
packs/pipeline/pack_config.json,packs,14,5 7 8 11 13 14 19 22 25 28 33 46 85 93,retained-with-reason:pack-local-source-ids-materialized-at-install
packs/pipeline/tasks/exp_stage1_task/prompt.md,packs,1,4,retained-with-reason:runtime-template-renders-installed-behavior-id
packs/pipeline/tasks/exp_stage2_task/prompt.md,packs,1,3,retained-with-reason:runtime-template-renders-installed-behavior-id
packs/repo_maintenance/manifest.json,packs,1,48,retained-with-reason:slot-membership-uses-pack-local-role-rewritten-at-install
packs/repo_maintenance/pack_config.json,packs,65,5 8 9 12 15 16 19 22 23 26 29 30 33 36 37 40 43 44 47 50 51 54 57 58 63 66 67 70 73 74 77 80 81 84 87 88 91 94 95 98 101 102 105 108 109 112 115 116 121 129 147 176 194 224 253 282 304 1234 1240 1246 1252 1258 1264 1270 1276,retained-with-reason:pack-local-source-ids-materialized-at-install
packs/security_scan/manifest.json,packs,1,36,retained-with-reason:slot-membership-uses-pack-local-role-rewritten-at-install
packs/security_scan/pack_config.json,packs,33,5 8 9 12 15 16 19 22 23 26 29 30 35 38 39 42 45 46 49 52 53 56 59 60 65 73 102 120 132 540 546 552 558,retained-with-reason:pack-local-source-ids-materialized-at-install
packs/web_deep_research/manifest.json,packs,1,58,retained-with-reason:slot-membership-uses-pack-local-role-rewritten-at-install
packs/web_deep_research/pack_config.json,packs,33,5 8 9 12 15 16 19 22 23 26 29 30 35 37 38 41 43 44 47 49 50 53 55 56 61 67 87 108 117 800 806 812 818,retained-with-reason:pack-local-source-ids-materialized-at-install
scripts/adapter-interop/generators/microsoft-agent-framework/README.md,docs,2,11 41,retained-with-reason:external-adapter-documentation-uses-framework-participant-names-not-gents-keys
scripts/check-desktop-package-boundaries.mjs,runtime,2,613 618,retained-with-reason:operational-script-passes-canonical-ids-without-authoring-key-grammar
scripts/harbor/run_gents.sh,runtime,13,214 612 613 614 618 619 620 621 632 663 667 671 725,retained-with-reason:operational-script-passes-canonical-ids-without-authoring-key-grammar
scripts/packed-desktop-consumer/src/index.tsx,runtime,2,13 57,retained-with-reason:operational-script-passes-canonical-ids-without-authoring-key-grammar
README.md,docs,1,indirect,changed
packs/background_continuation/README.md,packs,1,indirect,changed
packs/defending_code/README.md,packs,1,indirect,changed
packs/grok_tui_port/README.md,packs,1,indirect,changed
packs/lsp_rust/README.md,packs,1,indirect,changed
packs/pipeline/README.md,packs,1,indirect,changed
packs/repo_maintenance/README.md,packs,1,indirect,changed
packs/security_scan/README.md,packs,1,indirect,changed
packs/web_deep_research/README.md,packs,1,indirect,changed
